Area,Item,Year,Yield_Unit,Yield,Flag,Flag Description,prev_area_share
Lesotho,Barley,1961,kg/ha,842.0,A,Official figure,
Lesotho,Barley,1962,kg/ha,700.0,E,Estimated value,0.013054654816109141
Lesotho,Barley,1963,kg/ha,600.0,E,Estimated value,0.013493910872718685
Lesotho,Barley,1964,kg/ha,571.4,E,Estimated value,0.013537066179332284
Lesotho,Barley,1965,kg/ha,600.0,E,Estimated value,0.011743193141975205
Lesotho,Barley,1966,kg/ha,640.0,E,Estimated value,0.009662302526692111
Lesotho,Barley,1967,kg/ha,520.0,E,Estimated value,0.008227608563294993
Lesotho,Barley,1968,kg/ha,500.0,E,Estimated value,0.007907513719536303
Lesotho,Barley,1969,kg/ha,582.8,A,Official figure,0.005914744867480141
Lesotho,Barley,1970,kg/ha,471.2,A,Official figure,0.004185285139140822
Lesotho,Barley,1971,kg/ha,348.6,A,Official figure,0.003621785516432065
Lesotho,Barley,1972,kg/ha,350.0,E,Estimated value,0.0028649708239565047
Lesotho,Barley,1973,kg/ha,350.0,E,Estimated value,0.003290642728337699
Lesotho,Barley,1974,kg/ha,350.0,E,Estimated value,0.003500787677227376
Lesotho,Barley,1975,kg/ha,291.7,E,Estimated value,0.0030570101829009194
Lesotho,Barley,1976,kg/ha,267.8,E,Estimated value,0.004551471452791759
Lesotho,Barley,1977,kg/ha,307.7,E,Estimated value,0.005616311797692456
Lesotho,Barley,1978,kg/ha,307.7,E,Estimated value,0.006679065752833465
Lesotho,Barley,1979,kg/ha,307.7,E,Estimated value,0.00571210130631363
Lesotho,Barley,1980,kg/ha,307.7,E,Estimated value,0.0058171274129891985
Lesotho,Barley,1981,kg/ha,307.7,E,Estimated value,0.0058415676970293385
Lesotho,Barley,1982,kg/ha,307.7,E,Estimated value,0.005749261441030267
Lesotho,Barley,1983,kg/ha,307.7,E,Estimated value,0.005942802808660035
Lesotho,Barley,1984,kg/ha,307.7,E,Estimated value,0.006419689682077214
Lesotho,Barley,1985,kg/ha,384.6,E,Estimated value,0.005719665971507264
Lesotho,Barley,1986,kg/ha,384.6,E,Estimated value,0.005098499080309204
Lesotho,Barley,1987,kg/ha,384.6,E,Estimated value,0.0057994289793005
Lesotho,Barley,1988,kg/ha,384.6,E,Estimated value,0.004838739694414978
Lesotho,Barley,1989,kg/ha,300.0,E,Estimated value,0.0040704500978473585
Lesotho,Barley,1990,kg/ha,384.6,E,Estimated value,0.004066511868114887
Lesotho,Barley,1991,kg/ha,353.9,E,Estimated value,0.001004578559975272
Lesotho,Barley,1992,kg/ha,333.2,E,Estimated value,0.008100484997190915
Lesotho,Barley,1993,kg/ha,325.4,E,Estimated value,0.008812777945935877
Lesotho,Barley,1994,kg/ha,318.3,E,Estimated value,0.008592935461326062
Lesotho,Barley,1995,kg/ha,311.5,E,Estimated value,0.0043590451871964
Lesotho,Barley,1996,kg/ha,305.0,E,Estimated value,0.010471033402922755
Lesotho,Barley,1997,kg/ha,298.3,E,Estimated value,0.006737203834328088
Lesotho,Barley,1998,kg/ha,272.7,E,Estimated value,0.005835427162749805
Lesotho,Barley,1999,kg/ha,260.1,E,Estimated value,0.007217516255815021
Lesotho,Barley,2000,kg/ha,277.3,E,Estimated value,0.0035867537313432835
Lesotho,Barley,2001,kg/ha,274.5,E,Estimated value,0.003341101394074557
Lesotho,Barley,2002,kg/ha,272.1,E,Estimated value,0.00402304835294526
Lesotho,Barley,2003,kg/ha,269.8,E,Estimated value,0.0052788351569567965
Lesotho,Barley,2004,kg/ha,268.8,E,Estimated value,0.005686386620687191
Lesotho,Barley,2005,kg/ha,267.9,E,Estimated value,0.005790095812871791
Lesotho,Barley,2006,kg/ha,253.8,E,Estimated value,0.007105303563770364
Lesotho,Barley,2007,kg/ha,251.1,E,Estimated value,0.0058318716270473235
Lesotho,Barley,2008,kg/ha,250.5,E,Estimated value,0.008469889825261258
Lesotho,Barley,2009,kg/ha,252.9,E,Estimated value,0.007354262507188039
Lesotho,Barley,2010,kg/ha,320.4,A,Official figure,0.01370878816623892
Lesotho,Barley,2011,kg/ha,320.7,E,Estimated value,0.00898851324668189
Lesotho,Barley,2012,kg/ha,332.0,E,Estimated value,0.007788416443149302
Lesotho,Barley,2013,kg/ha,399.4,A,Official figure,0.006539359950053284
Lesotho,Barley,2014,kg/ha,350.1,E,Estimated value,0.00400967813896023
Lesotho,Barley,2015,kg/ha,354.2,E,Estimated value,0.004462116191738458
Lesotho,Barley,2016,kg/ha,354.3,E,Estimated value,0.005419455783171296
Lesotho,Barley,2017,kg/ha,356.7,E,Estimated value,0.011729327400634091
Lesotho,Barley,2018,kg/ha,355.1,E,Estimated value,0.0033410836052441334
Lesotho,Barley,2019,kg/ha,354.6,E,Estimated value,0.0033069241370814375
Lesotho,Barley,2020,kg/ha,355.5,E,Estimated value,0.012204174956201562
Lesotho,Barley,2021,kg/ha,355.1,E,Estimated value,0.009297156940410176
Lesotho,Barley,2022,kg/ha,355.0,E,Estimated value,0.005351434146217451
Lesotho,Barley,2023,kg/ha,355.2,E,Estimated value,0.005600422875419028
Lesotho,"Beans, dry",1961,kg/ha,280.0,E,Estimated value,
Lesotho,"Beans, dry",1962,kg/ha,280.0,E,Estimated value,0.016801357549690015
Lesotho,"Beans, dry",1963,kg/ha,320.0,E,Estimated value,0.01686738859089836
Lesotho,"Beans, dry",1964,kg/ha,200.0,E,Estimated value,0.016921332724165357
Lesotho,"Beans, dry",1965,kg/ha,229.6,A,Official figure,0.026841584324514754
Lesotho,"Beans, dry",1966,kg/ha,333.7,A,Official figure,0.018358374800715012
Lesotho,"Beans, dry",1967,kg/ha,258.2,A,Official figure,0.02073357357950338
Lesotho,"Beans, dry",1968,kg/ha,254.6,A,Official figure,0.02498774335373472
Lesotho,"Beans, dry",1969,kg/ha,257.0,A,Official figure,0.02757158319975868
Lesotho,"Beans, dry",1970,kg/ha,226.1,A,Official figure,0.03593328319249657
Lesotho,"Beans, dry",1971,kg/ha,235.3,A,Official figure,0.048685613529275105
Lesotho,"Beans, dry",1972,kg/ha,200.0,A,Official figure,0.048365942410387865
Lesotho,"Beans, dry",1973,kg/ha,285.7,A,Official figure,0.03290642728337699
Lesotho,"Beans, dry",1974,kg/ha,380.7,A,Official figure,0.049011027481183266
Lesotho,"Beans, dry",1975,kg/ha,476.9,A,Official figure,0.06022310060314811
Lesotho,"Beans, dry",1976,kg/ha,291.7,A,Official figure,0.10643995281641261
Lesotho,"Beans, dry",1977,kg/ha,1425.0,A,Official figure,0.12743484519691467
Lesotho,"Beans, dry",1978,kg/ha,974.4,A,Official figure,0.075226831348452
Lesotho,"Beans, dry",1979,kg/ha,822.6,A,Official figure,0.04862316388897433
Lesotho,"Beans, dry",1980,kg/ha,518.1,A,Official figure,0.04542281566865642
Lesotho,"Beans, dry",1981,kg/ha,476.9,A,Official figure,0.031090620689035377
Lesotho,"Beans, dry",1982,kg/ha,361.4,A,Official figure,0.032611579897043996
Lesotho,"Beans, dry",1983,kg/ha,346.2,A,Official figure,0.061951433586892916
Lesotho,"Beans, dry",1984,kg/ha,163.1,A,Official figure,0.02316520330663401
Lesotho,"Beans, dry",1985,kg/ha,340.4,A,Official figure,0.03608669253715583
Lesotho,"Beans, dry",1986,kg/ha,223.0,A,Official figure,0.028551594849731545
Lesotho,"Beans, dry",1987,kg/ha,259.7,A,Official figure,0.0755844039971449
Lesotho,"Beans, dry",1988,kg/ha,318.0,A,Official figure,0.04793329983436622
Lesotho,"Beans, dry",1989,kg/ha,541.9,A,Official figure,0.07302700587084149
Lesotho,"Beans, dry",1990,kg/ha,1884.9,A,Official figure,0.07283529406980574
Lesotho,"Beans, dry",1991,kg/ha,335.6,A,Official figure,0.017294206286343528
Lesotho,"Beans, dry",1992,kg/ha,291.8,A,Official figure,0.042107616634371736
Lesotho,"Beans, dry",1993,kg/ha,347.6,A,Official figure,0.02599594868332208
Lesotho,"Beans, dry",1994,kg/ha,321.3,A,Official figure,0.02635166874806659
Lesotho,"Beans, dry",1995,kg/ha,1238.0,A,Official figure,0.0281822040464336
Lesotho,"Beans, dry",1996,kg/ha,659.1,A,Official figure,0.029643462943632567
Lesotho,"Beans, dry",1997,kg/ha,1039.6,A,Official figure,0.04116312336605337
Lesotho,"Beans, dry",1998,kg/ha,1116.7,A,Official figure,0.05902659558421073
Lesotho,"Beans, dry",1999,kg/ha,796.6,A,Official figure,0.049210338107829696
Lesotho,"Beans, dry",2000,kg/ha,799.9,A,Official figure,0.0542910447761194
Lesotho,"Beans, dry",2001,kg/ha,635.5,A,Official figure,0.05607203414605625
Lesotho,"Beans, dry",2002,kg/ha,602.1,A,Official figure,0.04293102849803881
Lesotho,"Beans, dry",2003,kg/ha,331.3,A,Official figure,0.03090060256388372
Lesotho,"Beans, dry",2004,kg/ha,563.7,A,Official figure,0.04989100720067183
Lesotho,"Beans, dry",2005,kg/ha,280.5,A,Official figure,0.04117935362349481
Lesotho,"Beans, dry",2006,kg/ha,155.3,A,Official figure,0.04651273607132835
Lesotho,"Beans, dry",2007,kg/ha,266.6,A,Official figure,0.12445662657628762
Lesotho,"Beans, dry",2008,kg/ha,260.1,A,Official figure,0.10888913046560761
Lesotho,"Beans, dry",2009,kg/ha,433.0,A,Official figure,0.055001976710753304
Lesotho,"Beans, dry",2010,kg/ha,331.0,A,Official figure,0.03839134810306389
Lesotho,"Beans, dry",2011,kg/ha,402.4,A,Official figure,0.11541268178774403
Lesotho,"Beans, dry",2012,kg/ha,331.6,E,Estimated value,0.09300254519969015
Lesotho,"Beans, dry",2013,kg/ha,178.0,A,Official figure,0.08115803184103165
Lesotho,"Beans, dry",2014,kg/ha,132.9,A,Official figure,0.1078494740514909
Lesotho,"Beans, dry",2015,kg/ha,253.4,A,Official figure,0.08867780968509928
Lesotho,"Beans, dry",2016,kg/ha,418.0,A,Official figure,0.10910834495246147
Lesotho,"Beans, dry",2017,kg/ha,311.7,A,Official figure,0.04537970635860173
Lesotho,"Beans, dry",2018,kg/ha,296.9,A,Official figure,0.0832848127234716
Lesotho,"Beans, dry",2019,kg/ha,387.5,A,Official figure,0.08793184425503738
Lesotho,"Beans, dry",2020,kg/ha,430.1,A,Official figure,0.03383614930070968
Lesotho,"Beans, dry",2021,kg/ha,302.6,A,Official figure,0.0941598450840595
Lesotho,"Beans, dry",2022,kg/ha,325.8,A,Official figure,0.25459352616292
Lesotho,"Beans, dry",2023,kg/ha,264.8,A,Official figure,0.13225562551437575
Lesotho,Maize (corn),1961,kg/ha,814.8,E,Estimated value,
Lesotho,Maize (corn),1962,kg/ha,814.8,E,Estimated value,0.4536366538416304
Lesotho,Maize (corn),1963,kg/ha,814.8,E,Estimated value,0.45541949195425563
Lesotho,Maize (corn),1964,kg/ha,814.8,E,Estimated value,0.4568759835524646
Lesotho,Maize (corn),1965,kg/ha,709.7,A,Official figure,0.4529517354761865
Lesotho,Maize (corn),1966,kg/ha,778.6,A,Official figure,0.49921896387909237
Lesotho,Maize (corn),1967,kg/ha,743.2,A,Official figure,0.46074607954451957
Lesotho,Maize (corn),1968,kg/ha,682.2,A,Official figure,0.46812481219654917
Lesotho,Maize (corn),1969,kg/ha,717.4,A,Official figure,0.46276076631434504
Lesotho,Maize (corn),1970,kg/ha,514.6,A,Official figure,0.41893259006916483
Lesotho,Maize (corn),1971,kg/ha,548.1,A,Official figure,0.38495469789662423
Lesotho,Maize (corn),1972,kg/ha,536.4,A,Official figure,0.3840824838471978
Lesotho,Maize (corn),1973,kg/ha,608.7,A,Official figure,0.3619707001171469
Lesotho,Maize (corn),1974,kg/ha,944.8,A,Official figure,0.40259058288114824
Lesotho,Maize (corn),1975,kg/ha,651.8,A,Official figure,0.39651867680371244
Lesotho,Maize (corn),1976,kg/ha,579.2,A,Official figure,0.4090407394623954
Lesotho,Maize (corn),1977,kg/ha,1567.6,A,Official figure,0.3645102378445738
Lesotho,Maize (corn),1978,kg/ha,1408.0,A,Official figure,0.41274571255356096
Lesotho,Maize (corn),1979,kg/ha,1112.2,A,Official figure,0.44678738240760674
Lesotho,Maize (corn),1980,kg/ha,957.1,A,Official figure,0.5023447498187741
Lesotho,Maize (corn),1981,kg/ha,846.7,A,Official figure,0.4958906818008205
Lesotho,Maize (corn),1982,kg/ha,726.5,A,Official figure,0.5519821684445152
Lesotho,Maize (corn),1983,kg/ha,736.0,A,Official figure,0.5224272235225278
Lesotho,Maize (corn),1984,kg/ha,680.0,A,Official figure,0.5112492716121322
Lesotho,Maize (corn),1985,kg/ha,782.2,A,Official figure,0.5136216044982973
Lesotho,Maize (corn),1986,kg/ha,708.9,A,Official figure,0.4630260768618346
Lesotho,Maize (corn),1987,kg/ha,666.4,A,Official figure,0.5442897930049965
Lesotho,Maize (corn),1988,kg/ha,922.1,A,Official figure,0.5301099882753615
Lesotho,Maize (corn),1989,kg/ha,1047.6,A,Official figure,0.5423530332681018
Lesotho,Maize (corn),1990,kg/ha,1100.0,A,Official figure,0.5326967886755778
Lesotho,Maize (corn),1991,kg/ha,540.8,A,Official figure,0.60265440565655
Lesotho,Maize (corn),1992,kg/ha,579.2,A,Official figure,0.518597291812376
Lesotho,Maize (corn),1993,kg/ha,887.5,A,Official figure,0.6138326852778877
Lesotho,Maize (corn),1994,kg/ha,862.9,A,Official figure,0.5925516435421225
Lesotho,Maize (corn),1995,kg/ha,812.6,A,Official figure,0.5819123205346736
Lesotho,Maize (corn),1996,kg/ha,1249.0,A,Official figure,0.6275688282881002
Lesotho,Maize (corn),1997,kg/ha,985.7,A,Official figure,0.6203160196649073
Lesotho,Maize (corn),1998,kg/ha,1317.1,A,Official figure,0.6211066624718249
Lesotho,Maize (corn),1999,kg/ha,941.0,A,Official figure,0.5907208986463877
Lesotho,Maize (corn),2000,kg/ha,677.3,A,Official figure,0.6173507462686567
Lesotho,Maize (corn),2001,kg/ha,891.3,A,Official figure,0.6585310847720951
Lesotho,Maize (corn),2002,kg/ha,808.8,A,Official figure,0.6160748377243223
Lesotho,Maize (corn),2003,kg/ha,643.9,A,Official figure,0.5862622262431081
Lesotho,Maize (corn),2004,kg/ha,634.7,A,Official figure,0.5693980381296121
Lesotho,Maize (corn),2005,kg/ha,701.1,A,Official figure,0.6132215997001643
Lesotho,Maize (corn),2006,kg/ha,556.7,A,Official figure,0.5945900155130697
Lesotho,Maize (corn),2007,kg/ha,487.7,A,Official figure,0.5540636930102776
Lesotho,Maize (corn),2008,kg/ha,434.9,A,Official figure,0.584483842456268
Lesotho,Maize (corn),2009,kg/ha,415.9,A,Official figure,0.6161766820011501
Lesotho,Maize (corn),2010,kg/ha,907.1,A,Official figure,0.6614406024740342
Lesotho,Maize (corn),2011,kg/ha,634.4,A,Official figure,0.6067031816074586
Lesotho,Maize (corn),2012,kg/ha,695.2,E,Estimated value,0.6096253866543008
Lesotho,Maize (corn),2013,kg/ha,822.7,A,Official figure,0.6827522362996372
Lesotho,Maize (corn),2014,kg/ha,678.6,A,Official figure,0.6001704542204579
Lesotho,Maize (corn),2015,kg/ha,657.1,A,Official figure,0.651532778636821
Lesotho,Maize (corn),2016,kg/ha,468.0,A,Official figure,0.6301710377721558
Lesotho,Maize (corn),2017,kg/ha,1040.9,A,Official figure,0.5576329074308418
Lesotho,Maize (corn),2018,kg/ha,868.4,A,Official figure,0.648217111818839
Lesotho,Maize (corn),2019,kg/ha,768.8,A,Official figure,0.48723812163629227
Lesotho,Maize (corn),2020,kg/ha,456.9,A,Official figure,0.4754877215904029
Lesotho,Maize (corn),2021,kg/ha,1025.2,A,Official figure,0.5244806795176481
Lesotho,Maize (corn),2022,kg/ha,804.6,A,Official figure,0.5489923160523957
Lesotho,Maize (corn),2023,kg/ha,850.8,A,Official figure,0.5995329635403772
Lesotho,Oats,1961,kg/ha,1303.7,A,Official figure,
Lesotho,Oats,1962,kg/ha,1428.6,E,Estimated value,0.002157294309380198
Lesotho,Oats,1963,kg/ha,1428.6,E,Estimated value,0.00236143440272577
Lesotho,Oats,1964,kg/ha,1428.6,E,Estimated value,0.0023689865813831495
Lesotho,Oats,1965,kg/ha,1428.6,E,Estimated value,0.002348638628395041
Lesotho,Oats,1966,kg/ha,1428.6,E,Estimated value,0.0022545372562281594
Lesotho,Oats,1967,kg/ha,1428.6,E,Estimated value,0.002303730397722598
Lesotho,Oats,1968,kg/ha,1428.6,E,Estimated value,0.002214103841470165
Lesotho,Oats,1969,kg/ha,1428.6,E,Estimated value,0.0020701607036180494
Lesotho,Oats,1970,kg/ha,1428.6,E,Estimated value,0.0020646226902033653
Lesotho,Oats,1971,kg/ha,1428.6,E,Estimated value,0.002084909425577669
Lesotho,Oats,1972,kg/ha,1428.6,E,Estimated value,0.001991538805133618
Lesotho,Oats,1973,kg/ha,1428.6,E,Estimated value,0.0023034499098363893
Lesotho,Oats,1974,kg/ha,1428.6,E,Estimated value,0.0024505513740591634
Lesotho,Oats,1975,kg/ha,1428.6,E,Estimated value,0.0021399071280306433
Lesotho,Oats,1976,kg/ha,1428.6,E,Estimated value,0.002655025014128526
Lesotho,Oats,1977,kg/ha,1428.6,E,Estimated value,0.0030079711234772145
Lesotho,Oats,1978,kg/ha,1428.6,E,Estimated value,0.003596420020756481
Lesotho,Oats,1979,kg/ha,1428.6,E,Estimated value,0.0030757468572458007
Lesotho,Oats,1980,kg/ha,1428.6,E,Estimated value,0.003132299376224953
Lesotho,Oats,1981,kg/ha,1428.6,E,Estimated value,0.0031454595291696436
Lesotho,Oats,1982,kg/ha,1428.6,E,Estimated value,0.0030957561605547594
Lesotho,Oats,1983,kg/ha,1428.6,E,Estimated value,0.003199970743124634
Lesotho,Oats,1984,kg/ha,1428.6,E,Estimated value,0.0034567559826569616
Lesotho,Oats,1985,kg/ha,1428.6,E,Estimated value,0.0030798201385039115
Lesotho,Oats,1986,kg/ha,1428.6,E,Estimated value,0.002745345658628033
Lesotho,Oats,1987,kg/ha,1428.6,E,Estimated value,0.0031227694503925766
Lesotho,Oats,1988,kg/ha,1428.6,E,Estimated value,0.0026054752200696035
Lesotho,Oats,1989,kg/ha,1428.6,E,Estimated value,0.002191780821917808
Lesotho,Oats,1990,kg/ha,1608.5,E,Estimated value,0.002846558307680421
Lesotho,Oats,1991,kg/ha,1358.7,E,Estimated value,0.0029210053513127137
Lesotho,Oats,1992,kg/ha,1366.9,E,Estimated value,0.004001513466411364
Lesotho,Oats,1993,kg/ha,1371.4,E,Estimated value,0.0038301241006775478
Lesotho,Oats,1994,kg/ha,1354.7,E,Estimated value,0.0035116462918619172
Lesotho,Oats,1995,kg/ha,1333.3,E,Estimated value,0.0017348595605920756
Lesotho,Oats,1996,kg/ha,1428.6,E,Estimated value,0.004893006263048017
Lesotho,Oats,1997,kg/ha,1333.3,E,Estimated value,0.0028773902892188295
Lesotho,Oats,1998,kg/ha,1333.3,E,Estimated value,0.002585861371971849
Lesotho,Oats,1999,kg/ha,1483.1,E,Estimated value,0.0029526202864697815
Lesotho,Oats,2000,kg/ha,1456.8,E,Estimated value,0.0011007462686567163
Lesotho,Oats,2001,kg/ha,1478.5,E,Estimated value,0.001002330418222367
Lesotho,Oats,2002,kg/ha,1471.0,E,Estimated value,0.0008122461730709153
Lesotho,Oats,2003,kg/ha,1479.6,E,Estimated value,0.0009601761603195467
Lesotho,Oats,2004,kg/ha,1495.4,E,Estimated value,0.0008844497650401129
Lesotho,Oats,2005,kg/ha,1499.7,E,Estimated value,0.0008408852840270237
Lesotho,Oats,2006,kg/ha,1578.9,E,Estimated value,0.0007941844519862554
Lesotho,Oats,2007,kg/ha,1585.4,E,Estimated value,0.000511410281141073
Lesotho,Oats,2008,kg/ha,1470.6,E,Estimated value,0.0003875730835219995
Lesotho,Oats,2009,kg/ha,1470.6,E,Estimated value,0.0001527458309373203
Lesotho,Oats,2010,kg/ha,1506.3,E,Estimated value,8.185788508115969e-05
Lesotho,Oats,2011,kg/ha,1509.9,E,Estimated value,0.0010259095825964526
Lesotho,Oats,2012,kg/ha,1500.0,E,Estimated value,0.0012646954982109828
Lesotho,Oats,2013,kg/ha,1500.0,E,Estimated value,0.0013455473148257786
Lesotho,Oats,2014,kg/ha,1519.6,E,Estimated value,0.0014299850709558592
Lesotho,Oats,2015,kg/ha,1530.0,E,Estimated value,0.0011339371180325456
Lesotho,Oats,2016,kg/ha,1515.4,E,Estimated value,0.0012428786836842206
Lesotho,Oats,2017,kg/ha,1521.3,E,Estimated value,0.003075206487869263
Lesotho,Oats,2018,kg/ha,1534.1,E,Estimated value,0.0008518786268341767
Lesotho,Oats,2019,kg/ha,1540.7,E,Estimated value,0.000827693468536099
Lesotho,Oats,2020,kg/ha,1532.0,E,Estimated value,0.0032366303411824095
Lesotho,Oats,2021,kg/ha,1535.6,E,Estimated value,0.002387553912507702
Lesotho,Oats,2022,kg/ha,1536.1,E,Estimated value,0.0013791700828137611
Lesotho,Oats,2023,kg/ha,1534.6,E,Estimated value,0.001451961486219748
Lesotho,"Other fruits, n.e.c.",1961,kg/ha,4444.4,E,Estimated value,
Lesotho,"Other fruits, n.e.c.",1962,kg/ha,4444.4,E,Estimated value,0.009072733076832607
Lesotho,"Other fruits, n.e.c.",1963,kg/ha,4444.4,E,Estimated value,0.009108389839085114
Lesotho,"Other fruits, n.e.c.",1964,kg/ha,4444.4,E,Estimated value,0.009137519671049291
Lesotho,"Other fruits, n.e.c.",1965,kg/ha,4444.4,E,Estimated value,0.00905903470952373
Lesotho,"Other fruits, n.e.c.",1966,kg/ha,4642.9,E,Estimated value,0.008696072274022899
Lesotho,"Other fruits, n.e.c.",1967,kg/ha,4642.9,E,Estimated value,0.009214921590890391
Lesotho,"Other fruits, n.e.c.",1968,kg/ha,4642.9,E,Estimated value,0.00885641536588066
Lesotho,"Other fruits, n.e.c.",1969,kg/ha,4642.9,E,Estimated value,0.008280642814472198
Lesotho,"Other fruits, n.e.c.",1970,kg/ha,4666.7,E,Estimated value,0.008258490760813461
Lesotho,"Other fruits, n.e.c.",1971,kg/ha,4666.7,E,Estimated value,0.00893532610961858
Lesotho,"Other fruits, n.e.c.",1972,kg/ha,4666.7,E,Estimated value,0.008535166307715506
Lesotho,"Other fruits, n.e.c.",1973,kg/ha,5333.3,E,Estimated value,0.009871928185013097
Lesotho,"Other fruits, n.e.c.",1974,kg/ha,5333.3,E,Estimated value,0.010502363031682128
Lesotho,"Other fruits, n.e.c.",1975,kg/ha,5333.3,E,Estimated value,0.009171030548702757
Lesotho,"Other fruits, n.e.c.",1976,kg/ha,5333.3,E,Estimated value,0.011378678631979397
Lesotho,"Other fruits, n.e.c.",1977,kg/ha,5666.7,E,Estimated value,0.012891304814902348
Lesotho,"Other fruits, n.e.c.",1978,kg/ha,5666.7,E,Estimated value,0.01541322866038492
Lesotho,"Other fruits, n.e.c.",1979,kg/ha,5666.7,E,Estimated value,0.013181772245339144
Lesotho,"Other fruits, n.e.c.",1980,kg/ha,5000.0,E,Estimated value,0.013424140183821227
Lesotho,"Other fruits, n.e.c.",1981,kg/ha,5000.0,E,Estimated value,0.013480540839298472
Lesotho,"Other fruits, n.e.c.",1982,kg/ha,5000.0,E,Estimated value,0.013267526402377541
Lesotho,"Other fruits, n.e.c.",1983,kg/ha,5901.6,E,Estimated value,0.013714160327677005
Lesotho,"Other fruits, n.e.c.",1984,kg/ha,5901.6,E,Estimated value,0.015061579638719617
Lesotho,"Other fruits, n.e.c.",1985,kg/ha,5901.6,E,Estimated value,0.013419216317767043
Lesotho,"Other fruits, n.e.c.",1986,kg/ha,5901.6,E,Estimated value,0.011961863226879288
Lesotho,"Other fruits, n.e.c.",1987,kg/ha,5901.6,E,Estimated value,0.013606352605281941
Lesotho,"Other fruits, n.e.c.",1988,kg/ha,5901.6,E,Estimated value,0.011352427744588986
Lesotho,"Other fruits, n.e.c.",1989,kg/ha,5901.6,E,Estimated value,0.009549902152641879
Lesotho,"Other fruits, n.e.c.",1990,kg/ha,5796.7,E,Estimated value,0.012402861197750406
Lesotho,"Other fruits, n.e.c.",1991,kg/ha,4803.6,E,Estimated value,0.011803798079709445
Lesotho,"Other fruits, n.e.c.",1992,kg/ha,4796.2,E,Estimated value,0.022673332033892477
Lesotho,"Other fruits, n.e.c.",1993,kg/ha,4788.8,E,Estimated value,0.02184567743137209
Lesotho,"Other fruits, n.e.c.",1994,kg/ha,4781.1,E,Estimated value,0.0197064653246411
Lesotho,"Other fruits, n.e.c.",1995,kg/ha,4855.0,E,Estimated value,0.011136787781198839
Lesotho,"Other fruits, n.e.c.",1996,kg/ha,4912.8,E,Estimated value,0.025198982254697286
Lesotho,"Other fruits, n.e.c.",1997,kg/ha,5000.0,E,Estimated value,0.013388085959979612
Lesotho,"Other fruits, n.e.c.",1998,kg/ha,4852.6,E,Estimated value,0.012929306859859243
Lesotho,"Other fruits, n.e.c.",1999,kg/ha,4805.7,E,Estimated value,0.017577932772116767
Lesotho,"Other fruits, n.e.c.",2000,kg/ha,4677.4,E,Estimated value,0.013586753731343283
Lesotho,"Other fruits, n.e.c.",2001,kg/ha,4687.5,E,Estimated value,0.012946767902038907
Lesotho,"Other fruits, n.e.c.",2002,kg/ha,4697.0,E,Estimated value,0.011107639973619354
Lesotho,"Other fruits, n.e.c.",2003,kg/ha,4705.9,E,Estimated value,0.014082583684686683
Lesotho,"Other fruits, n.e.c.",2004,kg/ha,4714.3,E,Estimated value,0.015187521217860525
Lesotho,"Other fruits, n.e.c.",2005,kg/ha,4694.4,E,Estimated value,0.016817705680540473
Lesotho,"Other fruits, n.e.c.",2006,kg/ha,4729.7,E,Estimated value,0.019060426847670127
Lesotho,"Other fruits, n.e.c.",2007,kg/ha,4736.8,E,Estimated value,0.01659840386159623
Lesotho,"Other fruits, n.e.c.",2008,kg/ha,4750.0,E,Estimated value,0.017960703870531683
Lesotho,"Other fruits, n.e.c.",2009,kg/ha,4484.6,E,Estimated value,0.0179700977573318
Lesotho,"Other fruits, n.e.c.",2010,kg/ha,4317.4,E,Estimated value,0.01924141816378318
Lesotho,"Other fruits, n.e.c.",2011,kg/ha,4176.1,E,Estimated value,0.016989749489191464
Lesotho,"Other fruits, n.e.c.",2012,kg/ha,3555.6,E,Estimated value,0.02113622351385105
Lesotho,"Other fruits, n.e.c.",2013,kg/ha,3905.1,E,Estimated value,0.024219851666864013
Lesotho,"Other fruits, n.e.c.",2014,kg/ha,3832.0,E,Estimated value,0.02274820250876581
Lesotho,"Other fruits, n.e.c.",2015,kg/ha,3813.5,E,Estimated value,0.019414377929951158
Lesotho,"Other fruits, n.e.c.",2016,kg/ha,3743.1,E,Estimated value,0.025425386270291415
Lesotho,"Other fruits, n.e.c.",2017,kg/ha,3635.6,E,Estimated value,0.05606128641602373
Lesotho,"Other fruits, n.e.c.",2018,kg/ha,3541.8,E,Estimated value,0.016474863718958208
Lesotho,"Other fruits, n.e.c.",2019,kg/ha,3442.5,E,Estimated value,0.0164961233147776
Lesotho,"Other fruits, n.e.c.",2020,kg/ha,3378.0,E,Estimated value,0.06483653532084212
Lesotho,"Other fruits, n.e.c.",2021,kg/ha,3403.9,E,Estimated value,0.04808115482792008
Lesotho,"Other fruits, n.e.c.",2022,kg/ha,3408.1,E,Estimated value,0.027990161496367762
Lesotho,"Other fruits, n.e.c.",2023,kg/ha,3396.7,E,Estimated value,0.02930687239466588
Lesotho,"Other vegetables, fresh n.e.c.",1961,kg/ha,6798.9,E,Estimated value,
Lesotho,"Other vegetables, fresh n.e.c.",1962,kg/ha,6776.0,E,Estimated value,0.005930879215040576
Lesotho,"Other vegetables, fresh n.e.c.",1963,kg/ha,6790.5,E,Estimated value,0.006173464224268799
Lesotho,"Other vegetables, fresh n.e.c.",1964,kg/ha,6786.6,E,Estimated value,0.006379342437010339
Lesotho,"Other vegetables, fresh n.e.c.",1965,kg/ha,6801.0,E,Estimated value,0.00652586018889765
Lesotho,"Other vegetables, fresh n.e.c.",1966,kg/ha,6802.7,E,Estimated value,0.00639322350516128
Lesotho,"Other vegetables, fresh n.e.c.",1967,kg/ha,6802.7,E,Estimated value,0.0072567507528261835
Lesotho,"Other vegetables, fresh n.e.c.",1968,kg/ha,6818.2,E,Estimated value,0.006974427100631019
Lesotho,"Other vegetables, fresh n.e.c.",1969,kg/ha,6818.2,E,Estimated value,0.006506219354228155
Lesotho,"Other vegetables, fresh n.e.c.",1970,kg/ha,6938.8,E,Estimated value,0.006488814169210577
Lesotho,"Other vegetables, fresh n.e.c.",1971,kg/ha,6938.8,E,Estimated value,0.0072971829895218405
Lesotho,"Other vegetables, fresh n.e.c.",1972,kg/ha,7083.3,E,Estimated value,0.006970385817967663
Lesotho,"Other vegetables, fresh n.e.c.",1973,kg/ha,6923.1,E,Estimated value,0.007897542548010478
Lesotho,"Other vegetables, fresh n.e.c.",1974,kg/ha,6923.1,E,Estimated value,0.009102047960791178
Lesotho,"Other vegetables, fresh n.e.c.",1975,kg/ha,6923.1,E,Estimated value,0.00794822647554239
Lesotho,"Other vegetables, fresh n.e.c.",1976,kg/ha,6923.1,E,Estimated value,0.00986152148104881
Lesotho,"Other vegetables, fresh n.e.c.",1977,kg/ha,7142.9,E,Estimated value,0.011172464172915368
Lesotho,"Other vegetables, fresh n.e.c.",1978,kg/ha,7142.9,E,Estimated value,0.014385680083025924
Lesotho,"Other vegetables, fresh n.e.c.",1979,kg/ha,7142.9,E,Estimated value,0.012302987428983203
Lesotho,"Other vegetables, fresh n.e.c.",1980,kg/ha,6896.6,E,Estimated value,0.012529197504899812
Lesotho,"Other vegetables, fresh n.e.c.",1981,kg/ha,7096.8,E,Estimated value,0.013031189477988524
Lesotho,"Other vegetables, fresh n.e.c.",1982,kg/ha,7352.9,E,Estimated value,0.013709777282456792
Lesotho,"Other vegetables, fresh n.e.c.",1983,kg/ha,7142.9,E,Estimated value,0.015542715038033937
Lesotho,"Other vegetables, fresh n.e.c.",1984,kg/ha,6944.4,E,Estimated value,0.017283779913284808
Lesotho,"Other vegetables, fresh n.e.c.",1985,kg/ha,6756.8,E,Estimated value,0.015839074998020116
Lesotho,"Other vegetables, fresh n.e.c.",1986,kg/ha,7027.0,E,Estimated value,0.01451111276703389
Lesotho,"Other vegetables, fresh n.e.c.",1987,kg/ha,7027.0,E,Estimated value,0.01650606709493219
Lesotho,"Other vegetables, fresh n.e.c.",1988,kg/ha,7027.0,E,Estimated value,0.013771797591796475
Lesotho,"Other vegetables, fresh n.e.c.",1989,kg/ha,7027.0,E,Estimated value,0.011585127201565558
Lesotho,"Other vegetables, fresh n.e.c.",1990,kg/ha,7335.9,E,Estimated value,0.015046093912025082
Lesotho,"Other vegetables, fresh n.e.c.",1991,kg/ha,6666.7,E,Estimated value,0.01302088364275641
Lesotho,"Other vegetables, fresh n.e.c.",1992,kg/ha,6654.4,E,Estimated value,0.01719848194732678
Lesotho,"Other vegetables, fresh n.e.c.",1993,kg/ha,6659.2,E,Estimated value,0.01821346247875387
Lesotho,"Other vegetables, fresh n.e.c.",1994,kg/ha,6664.4,E,Estimated value,0.01858365509102783
Lesotho,"Other vegetables, fresh n.e.c.",1995,kg/ha,6670.0,E,Estimated value,0.013141140089067353
Lesotho,"Other vegetables, fresh n.e.c.",1996,kg/ha,6671.6,E,Estimated value,0.024448721294363256
Lesotho,"Other vegetables, fresh n.e.c.",1997,kg/ha,6681.6,E,Estimated value,0.014169091895624722
Lesotho,"Other vegetables, fresh n.e.c.",1998,kg/ha,6666.7,E,Estimated value,0.014192069163172163
Lesotho,"Other vegetables, fresh n.e.c.",1999,kg/ha,6785.7,E,Estimated value,0.01771572171881869
Lesotho,"Other vegetables, fresh n.e.c.",2000,kg/ha,6896.6,E,Estimated value,0.013059701492537313
Lesotho,"Other vegetables, fresh n.e.c.",2001,kg/ha,6875.0,E,Estimated value,0.012111492553520268
Lesotho,"Other vegetables, fresh n.e.c.",2002,kg/ha,7272.7,E,Estimated value,0.011107639973619354
Lesotho,"Other vegetables, fresh n.e.c.",2003,kg/ha,7941.2,E,Estimated value,0.014082583684686683
Lesotho,"Other vegetables, fresh n.e.c.",2004,kg/ha,8285.7,E,Estimated value,0.015187521217860525
Lesotho,"Other vegetables, fresh n.e.c.",2005,kg/ha,8216.1,E,Estimated value,0.016817705680540473
Lesotho,"Other vegetables, fresh n.e.c.",2006,kg/ha,8108.1,E,Estimated value,0.02062232293657643
Lesotho,"Other vegetables, fresh n.e.c.",2007,kg/ha,8421.1,E,Estimated value,0.01659840386159623
Lesotho,"Other vegetables, fresh n.e.c.",2008,kg/ha,8750.0,E,Estimated value,0.017960703870531683
Lesotho,"Other vegetables, fresh n.e.c.",2009,kg/ha,8717.3,E,Estimated value,0.0179700977573318
Lesotho,"Other vegetables, fresh n.e.c.",2010,kg/ha,8726.0,E,Estimated value,0.017662042498687865
Lesotho,"Other vegetables, fresh n.e.c.",2011,kg/ha,8739.5,E,Estimated value,0.015023780498274412
Lesotho,"Other vegetables, fresh n.e.c.",2012,kg/ha,8787.9,E,Estimated value,0.018775458583857214
Lesotho,"Other vegetables, fresh n.e.c.",2013,kg/ha,8695.4,E,Estimated value,0.017761224555700277
Lesotho,"Other vegetables, fresh n.e.c.",2014,kg/ha,8595.0,E,Estimated value,0.02075194334971143
Lesotho,"Other vegetables, fresh n.e.c.",2015,kg/ha,8935.4,E,Estimated value,0.01849152001570822
Lesotho,"Other vegetables, fresh n.e.c.",2016,kg/ha,9115.5,E,Estimated value,0.022680958720024225
Lesotho,"Other vegetables, fresh n.e.c.",2017,kg/ha,9239.1,E,Estimated value,0.04782898586221442
Lesotho,"Other vegetables, fresh n.e.c.",2018,kg/ha,9355.1,E,Estimated value,0.01361833492897755
Lesotho,"Other vegetables, fresh n.e.c.",2019,kg/ha,9460.9,E,Estimated value,0.013289292341333086
Lesotho,"Other vegetables, fresh n.e.c.",2020,kg/ha,9391.3,E,Estimated value,0.050954657481367106
Lesotho,"Other vegetables, fresh n.e.c.",2021,kg/ha,9382.2,E,Estimated value,0.038839010650470907
Lesotho,"Other vegetables, fresh n.e.c.",2022,kg/ha,9412.8,E,Estimated value,0.022295523735072233
Lesotho,"Other vegetables, fresh n.e.c.",2023,kg/ha,9457.0,E,Estimated value,0.023485644316273344
Lesotho,"Peas, dry",1961,kg/ha,712.7,A,Official figure,
Lesotho,"Peas, dry",1962,kg/ha,625.0,E,Estimated value,0.05669114064416405
Lesotho,"Peas, dry",1963,kg/ha,590.9,E,Estimated value,0.04048173261815606
Lesotho,"Peas, dry",1964,kg/ha,545.5,E,Estimated value,0.03722693199316378
Lesotho,"Peas, dry",1965,kg/ha,500.0,A,Official figure,0.036907178446207785
Lesotho,"Peas, dry",1966,kg/ha,590.9,A,Official figure,0.042514131117445286
Lesotho,"Peas, dry",1967,kg/ha,551.8,A,Official figure,0.042125355844070365
Lesotho,"Peas, dry",1968,kg/ha,582.9,A,Official figure,0.038272366402555706
Lesotho,"Peas, dry",1969,kg/ha,452.6,A,Official figure,0.03290372569779203
Lesotho,"Peas, dry",1970,kg/ha,365.6,A,Official figure,0.03092509843826041
Lesotho,"Peas, dry",1971,kg/ha,416.7,A,Official figure,0.03632210063559953
Lesotho,"Peas, dry",1972,kg/ha,300.0,A,Official figure,0.034140665230862025
Lesotho,"Peas, dry",1973,kg/ha,400.0,A,Official figure,0.03290642728337699
Lesotho,"Peas, dry",1974,kg/ha,703.7,A,Official figure,0.03500787677227376
Lesotho,"Peas, dry",1975,kg/ha,579.8,A,Official figure,0.031181503865589377
Lesotho,"Peas, dry",1976,kg/ha,568.7,A,Official figure,0.03786065670147278
Lesotho,"Peas, dry",1977,kg/ha,990.6,A,Official figure,0.043546827664740134
Lesotho,"Peas, dry",1978,kg/ha,1018.2,A,Official figure,0.03647283675335752
Lesotho,"Peas, dry",1979,kg/ha,1202.4,A,Official figure,0.0191047819075782
Lesotho,"Peas, dry",1980,kg/ha,775.6,A,Official figure,0.025514815776049544
Lesotho,"Peas, dry",1981,kg/ha,683.0,A,Official figure,0.026430847072251205
Lesotho,"Peas, dry",1982,kg/ha,492.9,A,Official figure,0.020706186205310548
Lesotho,"Peas, dry",1983,kg/ha,387.4,A,Official figure,0.041965330602691635
Lesotho,"Peas, dry",1984,kg/ha,460.6,A,Official figure,0.04291809463610236
Lesotho,"Peas, dry",1985,kg/ha,451.6,A,Official figure,0.034757970134544146
Lesotho,"Peas, dry",1986,kg/ha,428.9,A,Official figure,0.028461390635233765
Lesotho,"Peas, dry",1987,kg/ha,385.7,A,Official figure,0.015622769450392577
Lesotho,"Peas, dry",1988,kg/ha,481.1,A,Official figure,0.014155174659892432
Lesotho,"Peas, dry",1989,kg/ha,978.7,A,Official figure,0.016685714285714286
Lesotho,"Peas, dry",1990,kg/ha,236.2,A,Official figure,0.006120100361512905
Lesotho,"Peas, dry",1991,kg/ha,74.7,A,Official figure,0.04582037362594904
Lesotho,"Peas, dry",1992,kg/ha,560.0,A,Official figure,0.062075054175218136
Lesotho,"Peas, dry",1993,kg/ha,543.3,A,Official figure,0.020425388251181634
Lesotho,"Peas, dry",1994,kg/ha,308.6,A,Official figure,0.00979594642591171
Lesotho,"Peas, dry",1995,kg/ha,287.2,A,Official figure,0.014845681715590829
Lesotho,"Peas, dry",1996,kg/ha,918.1,A,Official figure,0.03052420407098121
Lesotho,"Peas, dry",1997,kg/ha,751.2,A,Official figure,0.01811933770696657
Lesotho,"Peas, dry",1998,kg/ha,655.5,A,Official figure,0.019454297055134875
Lesotho,"Peas, dry",1999,kg/ha,853.2,A,Official figure,0.04908567191795653
Lesotho,"Peas, dry",2000,kg/ha,747.5,A,Official figure,0.03514458955223881
Lesotho,"Peas, dry",2001,kg/ha,822.8,A,Official figure,0.026816515064190912
Lesotho,"Peas, dry",2002,kg/ha,338.3,A,Official figure,0.027123468360581764
Lesotho,"Peas, dry",2003,kg/ha,299.4,A,Official figure,0.048252052643258284
Lesotho,"Peas, dry",2004,kg/ha,433.2,A,Official figure,0.0405417478156771
Lesotho,"Peas, dry",2005,kg/ha,415.8,A,Official figure,0.01660628309484225
Lesotho,"Peas, dry",2006,kg/ha,444.1,A,Official figure,0.02354492171988585
Lesotho,"Peas, dry",2007,kg/ha,299.3,A,Official figure,0.019949487019599574
Lesotho,"Peas, dry",2008,kg/ha,599.6,A,Official figure,0.008748753385356354
Lesotho,"Peas, dry",2009,kg/ha,689.0,A,Official figure,0.007372232604945371
Lesotho,"Peas, dry",2010,kg/ha,651.6,A,Official figure,0.00978442485205391
Lesotho,"Peas, dry",2011,kg/ha,508.2,A,Official figure,0.009044315859961195
Lesotho,"Peas, dry",2012,kg/ha,452.7,E,Estimated value,0.007061216531677988
Lesotho,"Peas, dry",2013,kg/ha,429.8,E,Estimated value,0.006883820062648683
Lesotho,"Peas, dry",2014,kg/ha,335.7,A,Official figure,0.008196674426718986
Lesotho,"Peas, dry",2015,kg/ha,257.7,A,Official figure,0.004079228333701495
Lesotho,"Peas, dry",2016,kg/ha,323.7,A,Official figure,0.006756969899623351
Lesotho,"Peas, dry",2017,kg/ha,607.3,A,Official figure,0.01400171449565253
Lesotho,"Peas, dry",2018,kg/ha,393.1,A,Official figure,0.005701334479592036
Lesotho,"Peas, dry",2019,kg/ha,588.5,A,Official figure,0.0047005289538724505
Lesotho,"Peas, dry",2020,kg/ha,9.6,A,Official figure,0.0036078035454464473
Lesotho,"Peas, dry",2021,kg/ha,512.5,A,Official figure,0.01947451808819646
Lesotho,"Peas, dry",2022,kg/ha,342.1,A,Official figure,0.005866239568834569
Lesotho,"Peas, dry",2023,kg/ha,374.6,A,Official figure,0.009173452523535828
Lesotho,Potatoes,1961,kg/ha,15000.0,E,Estimated value,
Lesotho,Potatoes,1962,kg/ha,15000.0,E,Estimated value,0.0006720543019876006
Lesotho,Potatoes,1963,kg/ha,15000.0,E,Estimated value,0.0006746955436359342
Lesotho,Potatoes,1964,kg/ha,15000.0,E,Estimated value,0.0006768533089666142
Lesotho,Potatoes,1965,kg/ha,15000.0,E,Estimated value,0.0006710396081128689
Lesotho,Potatoes,1966,kg/ha,14000.0,E,Estimated value,0.000644153501779474
Lesotho,Potatoes,1967,kg/ha,14000.0,E,Estimated value,0.0008227608563294992
Lesotho,Potatoes,1968,kg/ha,14000.0,E,Estimated value,0.0007907513719536303
Lesotho,Potatoes,1969,kg/ha,14000.0,E,Estimated value,0.0007393431084350176
Lesotho,Potatoes,1970,kg/ha,13333.3,E,Estimated value,0.0007373652465012019
Lesotho,Potatoes,1971,kg/ha,13333.3,E,Estimated value,0.0008935326109618581
Lesotho,Potatoes,1972,kg/ha,13333.3,E,Estimated value,0.0008535166307715506
Lesotho,Potatoes,1973,kg/ha,12857.1,E,Estimated value,0.0009871928185013097
Lesotho,Potatoes,1974,kg/ha,12857.1,E,Estimated value,0.0012252756870295817
Lesotho,Potatoes,1975,kg/ha,12973.0,E,Estimated value,0.0010699535640153216
Lesotho,Potatoes,1976,kg/ha,13052.6,E,Estimated value,0.0014033703646107922
Lesotho,Potatoes,1977,kg/ha,13333.3,E,Estimated value,0.0016328986098876309
Lesotho,Potatoes,1978,kg/ha,12500.0,E,Estimated value,0.003082645732076984
Lesotho,Potatoes,1979,kg/ha,15000.0,E,Estimated value,0.003515139265423772
Lesotho,Potatoes,1980,kg/ha,15000.0,E,Estimated value,0.004474713394607075
Lesotho,Potatoes,1981,kg/ha,15000.0,E,Estimated value,0.005392216335719389
Lesotho,Potatoes,1982,kg/ha,14285.7,E,Estimated value,0.0053070105609510166
Lesotho,Potatoes,1983,kg/ha,14666.7,E,Estimated value,0.006399941486249268
Lesotho,Potatoes,1984,kg/ha,15625.0,E,Estimated value,0.007407334248550631
Lesotho,Potatoes,1985,kg/ha,15555.6,E,Estimated value,0.00703958888800894
Lesotho,Potatoes,1986,kg/ha,15000.0,E,Estimated value,0.007059460265043514
Lesotho,Potatoes,1987,kg/ha,15217.4,E,Estimated value,0.008922198429693077
Lesotho,Potatoes,1988,kg/ha,15200.0,E,Estimated value,0.008560847151657268
Lesotho,Potatoes,1989,kg/ha,15517.2,E,Estimated value,0.007827788649706457
Lesotho,Potatoes,1990,kg/ha,17690.5,E,Estimated value,0.011792884417533173
Lesotho,Potatoes,1991,kg/ha,15625.0,E,Estimated value,0.009848733651449877
Lesotho,Potatoes,1992,kg/ha,14864.9,E,Estimated value,0.0183450474104819
Lesotho,Potatoes,1993,kg/ha,15000.0,E,Estimated value,0.02153717199469138
Lesotho,Potatoes,1994,kg/ha,15555.6,E,Estimated value,0.022914494563536166
Lesotho,Potatoes,1995,kg/ha,15629.9,E,Estimated value,0.015158967034299689
Lesotho,Potatoes,1996,kg/ha,15730.5,E,Estimated value,0.037064522442588725
Lesotho,Potatoes,1997,kg/ha,15957.4,E,Estimated value,0.01916752988375343
Lesotho,Potatoes,1998,kg/ha,16000.0,E,Estimated value,0.020255914080446146
Lesotho,Potatoes,1999,kg/ha,16346.2,E,Estimated value,0.03280689207188646
Lesotho,Potatoes,2000,kg/ha,16415.1,E,Estimated value,0.024253731343283583
Lesotho,Potatoes,2001,kg/ha,16296.3,E,Estimated value,0.02213479673574394
Lesotho,Potatoes,2002,kg/ha,16267.5,E,Estimated value,0.01874414245548266
Lesotho,Potatoes,2003,kg/ha,16286.3,E,Estimated value,0.023611798644658007
Lesotho,Potatoes,2004,kg/ha,16350.5,E,Estimated value,0.024952203977343792
Lesotho,Potatoes,2005,kg/ha,16396.7,E,Estimated value,0.02672093179699588
Lesotho,Potatoes,2006,kg/ha,16464.7,E,Estimated value,0.029601901807034356
Lesotho,Potatoes,2007,kg/ha,16607.1,E,Estimated value,0.025278920475701284
Lesotho,Potatoes,2008,kg/ha,16637.9,E,Estimated value,0.02646840570394143
Lesotho,Potatoes,2009,kg/ha,15964.9,E,Estimated value,0.02605664174813111
Lesotho,Potatoes,2010,kg/ha,16500.0,E,Estimated value,0.027446467350741778
Lesotho,Potatoes,2011,kg/ha,16470.6,E,Estimated value,0.025755052282756135
Lesotho,Potatoes,2012,kg/ha,16428.6,E,Estimated value,0.03583303911597785
Lesotho,Potatoes,2013,kg/ha,17361.1,E,Estimated value,0.0376753248151218
Lesotho,Potatoes,2014,kg/ha,17107.4,E,Estimated value,0.041183570043528746
Lesotho,Potatoes,2015,kg/ha,16881.7,E,Estimated value,0.03774390692879759
Lesotho,Potatoes,2016,kg/ha,18012.1,E,Estimated value,0.04598020226746497
Lesotho,Potatoes,2017,kg/ha,17691.1,E,Estimated value,0.09557632907430842
Lesotho,Potatoes,2018,kg/ha,17587.3,E,Estimated value,0.02842851839549833
Lesotho,Potatoes,2019,kg/ha,18599.5,E,Estimated value,0.02875368612323778
Lesotho,Potatoes,2020,kg/ha,17955.5,E,Estimated value,0.10772931080559432
Lesotho,Potatoes,2021,kg/ha,18042.6,E,Estimated value,0.0806817181586128
Lesotho,Potatoes,2022,kg/ha,18197.6,E,Estimated value,0.046732892253131736
Lesotho,Potatoes,2023,kg/ha,18065.1,E,Estimated value,0.04893846225903796
Lesotho,Sorghum,1961,kg/ha,846.2,E,Estimated value,
Lesotho,Sorghum,1962,kg/ha,846.2,E,Estimated value,0.2184176481459702
Lesotho,Sorghum,1963,kg/ha,846.2,E,Estimated value,0.21927605168167863
Lesotho,Sorghum,1964,kg/ha,846.2,E,Estimated value,0.2199773254141496
Lesotho,Sorghum,1965,kg/ha,927.8,A,Official figure,0.2180878726366824
Lesotho,Sorghum,1966,kg/ha,826.4,A,Official figure,0.18744866901782695
Lesotho,Sorghum,1967,kg/ha,829.6,A,Official figure,0.2142469269882016
Lesotho,Sorghum,1968,kg/ha,708.4,A,Official figure,0.20970726384210275
Lesotho,Sorghum,1969,kg/ha,672.5,A,Official figure,0.20867811366956687
Lesotho,Sorghum,1970,kg/ha,689.1,A,Official figure,0.21168576442655104
Lesotho,Sorghum,1971,kg/ha,752.9,A,Official figure,0.24592400207299567
Lesotho,Sorghum,1972,kg/ha,332.8,A,Official figure,0.24182971205193934
Lesotho,Sorghum,1973,kg/ha,671.9,A,Official figure,0.19776762797309572
Lesotho,Sorghum,1974,kg/ha,1009.0,A,Official figure,0.22405041134255207
Lesotho,Sorghum,1975,kg/ha,683.6,A,Official figure,0.25454806689961085
Lesotho,Sorghum,1976,kg/ha,554.7,A,Official figure,0.20775191446267982
Lesotho,Sorghum,1977,kg/ha,1466.7,A,Official figure,0.190099477902155
Lesotho,Sorghum,1978,kg/ha,1446.9,A,Official figure,0.21827700654548443
Lesotho,Sorghum,1979,kg/ha,1345.3,A,Official figure,0.2604718195679015
Lesotho,Sorghum,1980,kg/ha,966.6,A,Official figure,0.22935143504058564
Lesotho,Sorghum,1981,kg/ha,795.3,A,Official figure,0.2756006704322311
Lesotho,Sorghum,1982,kg/ha,544.5,A,Official figure,0.26542128818836347
Lesotho,Sorghum,1983,kg/ha,659.4,A,Official figure,0.21962770626097133
Lesotho,Sorghum,1984,kg/ha,617.5,A,Official figure,0.22981007594986716
Lesotho,Sorghum,1985,kg/ha,725.6,A,Official figure,0.24058674973381555
Lesotho,Sorghum,1986,kg/ha,644.3,A,Official figure,0.2963365323146794
Lesotho,Sorghum,1987,kg/ha,440.5,A,Official figure,0.2316604211277659
Lesotho,Sorghum,1988,kg/ha,700.0,A,Official figure,0.26393091768559357
Lesotho,Sorghum,1989,kg/ha,768.9,A,Official figure,0.23907632093933465
Lesotho,Sorghum,1990,kg/ha,1011.2,A,Official figure,0.16468966414678482
Lesotho,Sorghum,1991,kg/ha,539.9,A,Official figure,0.1377934045553774
Lesotho,Sorghum,1992,kg/ha,612.3,A,Official figure,0.10663632090074182
Lesotho,Sorghum,1993,kg/ha,1270.4,A,Official figure,0.18508579943654102
Lesotho,Sorghum,1994,kg/ha,875.6,A,Official figure,0.2344725656213838
Lesotho,Sorghum,1995,kg/ha,802.8,A,Official figure,0.233616525295263
Lesotho,Sorghum,1996,kg/ha,859.1,A,Official figure,0.06996183455114822
Lesotho,Sorghum,1997,kg/ha,805.6,A,Official figure,0.17286538746115523
Lesotho,Sorghum,1998,kg/ha,1476.3,A,Official figure,0.15540164891760153
Lesotho,Sorghum,1999,kg/ha,1108.9,A,Official figure,0.1013929806373723
Lesotho,Sorghum,2000,kg/ha,1037.8,A,Official figure,0.14023787313432837
Lesotho,Sorghum,2001,kg/ha,864.0,A,Official figure,0.10787998763792485
Lesotho,Sorghum,2002,kg/ha,422.5,A,Official figure,0.18220000694227498
Lesotho,Sorghum,2003,kg/ha,474.3,A,Official figure,0.12038475325606404
Lesotho,Sorghum,2004,kg/ha,393.3,A,Official figure,0.11258420140439902
Lesotho,Sorghum,2005,kg/ha,624.0,A,Official figure,0.14026927549323928
Lesotho,Sorghum,2006,kg/ha,329.0,A,Official figure,0.1571902813001329
Lesotho,Sorghum,2007,kg/ha,243.6,A,Official figure,0.15441450251891994
Lesotho,Sorghum,2008,kg/ha,286.6,A,Official figure,0.1520751702721992
Lesotho,Sorghum,2009,kg/ha,577.3,A,Official figure,0.15973619896492236
Lesotho,Sorghum,2010,kg/ha,718.9,A,Official figure,0.08467475936189371
Lesotho,Sorghum,2011,kg/ha,509.2,A,Official figure,0.14227949382737248
Lesotho,Sorghum,2012,kg/ha,134.3,A,Official figure,0.09940506615938326
Lesotho,Sorghum,2013,kg/ha,305.1,E,Estimated value,0.07616336020839837
Lesotho,Sorghum,2014,kg/ha,571.2,A,Official figure,0.13123830987204493
Lesotho,Sorghum,2015,kg/ha,596.8,A,Official figure,0.10656554500159536
Lesotho,Sorghum,2016,kg/ha,257.6,A,Official figure,0.10074257269578493
Lesotho,Sorghum,2017,kg/ha,763.3,A,Official figure,0.06121838048196378
Lesotho,Sorghum,2018,kg/ha,472.2,A,Official figure,0.1733416697602626
Lesotho,Sorghum,2019,kg/ha,583.4,A,Official figure,0.3288637886032384
Lesotho,Sorghum,2020,kg/ha,299.6,A,Official figure,0.21407785729132642
Lesotho,Sorghum,2021,kg/ha,795.5,A,Official figure,0.15096602411759527
Lesotho,Sorghum,2022,kg/ha,260.2,A,Official figure,0.05380670009724103
Lesotho,Sorghum,2023,kg/ha,535.7,A,Official figure,0.10317624938944016
Lesotho,Wheat,1961,kg/ha,864.8,A,Official figure,
Lesotho,Wheat,1962,kg/ha,785.7,E,Estimated value,0.22356558409919522
Lesotho,Wheat,1963,kg/ha,785.7,E,Estimated value,0.236143440272577
Lesotho,Wheat,1964,kg/ha,771.4,E,Estimated value,0.23689865813831498
Lesotho,Wheat,1965,kg/ha,716.3,A,Official figure,0.2348638628395041
Lesotho,Wheat,1966,kg/ha,814.6,A,Official figure,0.22480957212103644
Lesotho,Wheat,1967,kg/ha,681.2,A,Official figure,0.2343222918826414
Lesotho,Wheat,1968,kg/ha,650.3,A,Official figure,0.23216460280558587
Lesotho,Wheat,1969,kg/ha,627.1,A,Official figure,0.24457470027030384
Lesotho,Wheat,1970,kg/ha,656.1,A,Official figure,0.2807886858676577
Lesotho,Wheat,1971,kg/ha,609.3,A,Official figure,0.26128084921339345
Lesotho,Wheat,1972,kg/ha,225.6,A,Official figure,0.27036561807406817
Lesotho,Wheat,1973,kg/ha,480.0,A,Official figure,0.35009806115330444
Lesotho,Wheat,1974,kg/ha,744.2,A,Official figure,0.26255907579205323
Lesotho,Wheat,1975,kg/ha,822.5,A,Official figure,0.2341425239287472
Lesotho,Wheat,1976,kg/ha,799.0,A,Official figure,0.20905666961248012
Lesotho,Wheat,1977,kg/ha,1472.8,A,Official figure,0.24008766087274133
Lesotho,Wheat,1978,kg/ha,1359.0,A,Official figure,0.2141205725500673
Lesotho,Wheat,1979,kg/ha,952.5,A,Official figure,0.18722510512463367
Lesotho,Wheat,1980,kg/ha,973.8,A,Official figure,0.157988705823392
Lesotho,Wheat,1981,kg/ha,852.5,A,Official figure,0.13009620612645645
Lesotho,Wheat,1982,kg/ha,605.3,A,Official figure,0.08814944541739637
Lesotho,Wheat,1983,kg/ha,510.6,A,Official figure,0.10922871562317145
Lesotho,Wheat,1984,kg/ha,580.3,A,Official figure,0.14322821502997501
Lesotho,Wheat,1985,kg/ha,508.2,A,Official figure,0.1298496167823799
Lesotho,Wheat,1986,kg/ha,578.6,A,Official figure,0.1422481243406268
Lesotho,Wheat,1987,kg/ha,671.9,A,Official figure,0.08488579586009992
Lesotho,Wheat,1988,kg/ha,643.3,A,Official figure,0.10274133214225895
Lesotho,Wheat,1989,kg/ha,680.4,A,Official figure,0.09363287671232877
Lesotho,Wheat,1990,kg/ha,811.8,A,Official figure,0.17750324304321483
Lesotho,Wheat,1991,kg/ha,195.9,A,Official figure,0.15783861059057627
Lesotho,Wheat,1992,kg/ha,858.0,A,Official figure,0.20026485662198884
Lesotho,Wheat,1993,kg/ha,733.0,A,Official figure,0.08042096439963678
Lesotho,Wheat,1994,kg/ha,419.9,A,Official figure,0.06351897893012225
Lesotho,Wheat,1995,kg/ha,616.6,A,Official figure,0.09591246875568461
Lesotho,Wheat,1996,kg/ha,1410.8,A,Official figure,0.14022540448851775
Lesotho,Wheat,1997,kg/ha,1629.1,A,Official figure,0.09119682993801279
Lesotho,Wheat,1998,kg/ha,1481.0,A,Official figure,0.08921221733302878
Lesotho,Wheat,1999,kg/ha,738.8,A,Official figure,0.13131942758534712
Lesotho,Wheat,2000,kg/ha,654.7,A,Official figure,0.09738805970149254
Lesotho,Wheat,2001,kg/ha,2051.5,A,Official figure,0.09916388937613284
Lesotho,Wheat,2002,kg/ha,717.2,A,Official figure,0.08587594154604464
Lesotho,Wheat,2003,kg/ha,587.9,A,Official figure,0.15618438796237816
Lesotho,Wheat,2004,kg/ha,640.1,A,Official figure,0.16568692265084783
Lesotho,Wheat,2005,kg/ha,723.4,A,Official figure,0.12173616383328369
Lesotho,Wheat,2006,kg/ha,360.2,A,Official figure,0.10097790578854575
Lesotho,Wheat,2007,kg/ha,200.2,A,Official figure,0.0822966807678332
Lesotho,Wheat,2008,kg/ha,131.4,A,Official figure,0.07455582706678074
Lesotho,Wheat,2009,kg/ha,230.2,A,Official figure,0.0922090641173088
Lesotho,Wheat,2010,kg/ha,1469.3,A,Official figure,0.1275682911444214
Lesotho,Wheat,2011,kg/ha,996.5,A,Official figure,0.05877732181796329
Lesotho,Wheat,2012,kg/ha,864.1,A,Official figure,0.10610795229990146
Lesotho,Wheat,2013,kg/ha,1234.5,A,Official figure,0.0655012432857189
Lesotho,Wheat,2014,kg/ha,910.4,A,Official figure,0.06242170831736517
Lesotho,Wheat,2015,kg/ha,849.9,A,Official figure,0.06789878015855484
Lesotho,Wheat,2016,kg/ha,593.7,A,Official figure,0.052472192955338386
Lesotho,Wheat,2017,kg/ha,1293.4,A,Official figure,0.10749615599189016
Lesotho,Wheat,2018,kg/ha,939.1,A,Official figure,0.026740391942322347
Lesotho,Wheat,2019,kg/ha,624.8,A,Official figure,0.02859199716659352
Lesotho,Wheat,2020,kg/ha,697.0,A,Official figure,0.034029159366926985
Lesotho,Wheat,2021,kg/ha,461.4,A,Official figure,0.031632338702579
Lesotho,Wheat,2022,kg/ha,810.7,A,Official figure,0.03299203640500569
Lesotho,Wheat,2023,kg/ha,598.4,A,Official figure,0.047078345700655055
