crop_type,growth_stage,soil_texture,soil_depth_cm,water_holding_capacity_mm,organic_matter_%,pH,temp_max_C,temp_min_C,rainfall_mm,solar_radiation_MJ_m2,relative_humidity_%,wind_speed_m_s,et0_mm,plant_density_per_m2,row_spacing_m,irrigation_method,area_m2,kc_value,optimal_water_liters
Barley,Fruiting,Clay,44,110,5.6,6.4,31,22,4,18,57,4,4.8,2,0.75,Sprinkler,100,1.05,104.19
Barley,Vegetative,Clay,62,107,5.1,6.4,25,24,2,21,69,4,4.43,2,1.0,Furrow,50,0.75,66.26
Barley,Seedling,Sandy Loam,47,53,7.7,6.6,34,23,9,19,51,4,3.98,4,0.5,Furrow,150,0.35,0.0
Barley,Seedling,Loam,69,53,3.9,6.5,34,18,5,16,75,4,5.38,3,0.75,Furrow,200,0.35,0.0
Barley,Fruiting,Clay,69,102,5.5,7.4,33,15,8,21,58,4,4.29,4,1.0,Furrow,50,1.05,0.0
Barley,Flowering,Sandy Loam,62,54,7.6,6.8,31,23,7,16,50,4,4.24,3,0.5,Furrow,200,1.15,0.0
Barley,Flowering,Sandy Loam,30,96,6.3,7.0,34,21,6,23,64,3,3.72,2,1.0,Furrow,200,1.15,0.0
Barley,Seedling,Clay,61,53,7.4,6.0,28,21,2,20,77,2,4.75,3,0.5,Drip,100,0.35,0.0
Barley,Fruiting,Loam,40,111,2.7,6.0,33,18,8,17,56,2,4.52,2,0.75,Drip,50,1.05,0.0
Barley,Flowering,Loam,73,73,7.7,6.1,32,23,3,15,79,1,4.01,3,1.0,Sprinkler,150,1.15,241.35
Barley,Seedling,Clay,78,105,2.2,6.7,26,20,6,19,50,1,3.98,3,0.5,Sprinkler,200,0.35,0.0
Barley,Fruiting,Sandy Loam,40,105,3.4,7.0,32,19,3,16,55,2,4.57,2,0.5,Furrow,100,1.05,180.01
Barley,Maturity,Sandy Loam,49,108,3.3,6.9,27,18,6,18,58,1,4.3,4,0.75,Drip,150,0.4,0.0
Barley,Fruiting,Clay,54,99,7.5,7.3,27,21,9,23,69,4,4.02,2,0.75,Drip,50,1.05,0.0
Barley,Flowering,Sandy Loam,38,68,6.4,7.3,32,20,7,15,73,4,3.67,3,0.75,Furrow,200,1.15,0.0
Barley,Seedling,Sandy Loam,54,67,3.0,6.6,30,17,8,18,50,4,3.97,2,1.0,Furrow,50,0.35,0.0
Barley,Seedling,Sandy Loam,51,71,3.5,7.4,27,20,7,16,70,2,4.79,4,0.5,Drip,200,0.35,0.0
Barley,Maturity,Sandy Loam,33,84,6.6,5.6,29,20,2,23,54,4,4.16,3,0.5,Furrow,150,0.4,0.0
Barley,Fruiting,Clay,50,81,7.1,6.1,26,23,9,20,75,3,4.64,3,1.0,Sprinkler,150,1.05,0.0
Barley,Vegetative,Sandy Loam,56,51,3.9,7.2,33,20,6,24,72,2,5.12,2,0.5,Sprinkler,150,0.75,0.0
Barley,Seedling,Clay,49,114,2.4,6.3,27,21,1,16,72,3,3.57,2,0.75,Furrow,100,0.35,25.02
Barley,Maturity,Loam,51,98,2.2,7.1,30,19,0,22,70,4,3.93,2,1.0,Sprinkler,50,0.4,78.63
Barley,Fruiting,Loam,76,104,2.8,5.8,26,24,2,15,73,3,4.37,3,1.0,Sprinkler,50,1.05,129.27
Barley,Vegetative,Clay,52,58,6.1,5.6,34,15,1,20,65,1,4.82,2,0.5,Drip,150,0.75,392.29
Barley,Maturity,Loam,58,116,3.5,6.2,29,20,8,19,64,1,4.12,3,0.5,Sprinkler,100,0.4,0.0
Barley,Maturity,Sandy Loam,65,82,4.8,6.8,34,24,5,19,53,2,4.02,3,0.75,Furrow,100,0.4,0.0
Barley,Seedling,Clay,74,53,5.7,7.4,26,15,3,22,61,2,4.65,2,0.5,Drip,150,0.35,0.0
Barley,Flowering,Clay,41,116,6.9,6.8,26,17,1,17,72,1,4.81,2,0.75,Sprinkler,100,1.15,453.32
Barley,Vegetative,Sandy Loam,70,56,2.7,6.9,32,18,8,19,78,1,4.6,2,0.5,Furrow,50,0.75,0.0
Barley,Flowering,Loam,78,73,7.2,6.6,25,21,6,23,52,1,4.26,2,0.75,Drip,100,1.15,0.0
Barley,Maturity,Sandy Loam,48,98,2.3,7.4,27,23,6,18,68,2,4.76,2,0.5,Furrow,200,0.4,0.0
Barley,Seedling,Sandy Loam,50,102,6.7,7.1,29,24,9,21,63,3,3.61,4,1.0,Drip,150,0.35,0.0
Barley,Flowering,Loam,76,58,6.6,6.7,30,21,7,24,58,2,5.28,3,0.5,Drip,50,1.15,0.0
Barley,Flowering,Clay,30,66,7.7,7.5,28,18,5,17,78,4,4.62,4,0.75,Sprinkler,150,1.15,46.4
Barley,Flowering,Clay,42,107,6.4,7.0,33,21,0,17,62,4,5.42,4,0.5,Drip,200,1.15,1247.6
Barley,Seedling,Loam,35,107,2.1,7.4,29,20,4,19,53,3,4.89,2,0.75,Furrow,50,0.35,0.0
Barley,Seedling,Loam,44,80,8.0,6.9,27,21,8,24,65,4,4.29,2,0.75,Sprinkler,200,0.35,0.0
Barley,Vegetative,Loam,57,90,3.6,6.4,25,23,0,19,69,1,4.87,2,0.5,Sprinkler,150,0.75,547.81
Barley,Maturity,Loam,47,118,5.7,6.3,32,16,4,21,73,1,5.06,3,1.0,Drip,150,0.4,0.0
Barley,Maturity,Loam,54,108,7.1,7.2,26,23,2,15,70,4,3.65,2,0.5,Furrow,50,0.4,0.0
Barley,Flowering,Clay,52,102,7.7,7.2,25,19,8,15,68,1,4.71,3,0.5,Drip,200,1.15,0.0
Barley,Vegetative,Sandy Loam,37,88,6.0,6.5,30,17,1,15,71,4,4.62,3,1.0,Drip,50,0.75,123.32
Barley,Maturity,Clay,43,115,6.8,7.3,26,20,1,16,67,2,4.61,4,1.0,Sprinkler,200,0.4,168.77
Barley,Seedling,Loam,62,79,5.7,7.2,29,18,9,22,66,2,5.04,2,0.75,Sprinkler,50,0.35,0.0
Barley,Vegetative,Clay,72,92,3.4,5.7,33,21,6,20,65,4,3.86,2,1.0,Furrow,150,0.75,0.0
Barley,Maturity,Loam,48,70,3.0,6.1,30,19,5,15,54,1,4.21,3,0.75,Drip,100,0.4,0.0
Barley,Vegetative,Clay,56,75,6.8,6.8,32,15,9,18,50,4,5.0,2,1.0,Furrow,150,0.75,0.0
Barley,Vegetative,Sandy Loam,43,51,6.5,5.6,32,17,6,17,64,3,4.52,4,0.5,Sprinkler,100,0.75,0.0
Barley,Flowering,Sandy Loam,44,113,3.6,6.3,34,21,8,15,56,2,4.15,2,0.5,Drip,200,1.15,0.0
Barley,Seedling,Loam,32,67,2.5,6.6,26,22,7,15,61,3,4.26,2,0.75,Sprinkler,200,0.35,0.0
Oats,Vegetative,Sandy Loam,74,119,5.6,6.0,30,19,5,20,72,4,3.82,4,0.75,Sprinkler,100,0.75,0.0
Oats,Seedling,Sandy Loam,32,80,4.5,7.5,30,16,3,18,64,2,5.45,3,0.75,Furrow,100,0.35,0.0
Oats,Seedling,Loam,44,57,4.9,7.2,29,20,9,20,53,3,3.9,2,1.0,Drip,100,0.35,0.0
Oats,Maturity,Loam,40,52,2.3,6.2,34,19,6,24,61,2,4.14,3,0.5,Furrow,50,0.4,0.0
Oats,Seedling,Clay,38,64,4.8,6.3,25,19,1,19,73,3,5.38,4,1.0,Drip,200,0.35,176.37
Oats,Fruiting,Clay,37,60,6.8,5.9,27,19,4,19,68,3,4.77,3,0.5,Drip,100,1.05,100.59
Oats,Seedling,Loam,69,88,6.3,7.3,30,15,6,15,74,1,5.3,4,0.75,Sprinkler,50,0.35,0.0
Oats,Flowering,Sandy Loam,35,55,4.0,7.0,34,18,0,18,79,3,4.65,2,0.75,Drip,50,1.15,267.16
Oats,Maturity,Clay,56,104,2.9,5.9,26,24,4,24,50,2,5.14,4,1.0,Drip,200,0.4,0.0
Oats,Fruiting,Sandy Loam,58,57,2.9,6.0,26,17,2,18,53,2,4.0,2,1.0,Sprinkler,100,1.05,220.38
Oats,Vegetative,Loam,72,61,7.5,5.8,26,23,0,22,77,3,5.36,2,0.5,Furrow,100,0.75,402.32
Oats,Seedling,Sandy Loam,38,100,6.4,7.4,30,21,0,19,70,2,5.18,3,1.0,Drip,50,0.35,90.61
Oats,Flowering,Sandy Loam,50,96,2.3,6.2,28,23,4,24,58,3,4.3,2,0.75,Furrow,100,1.15,94.08
Oats,Vegetative,Sandy Loam,47,83,7.5,6.7,27,20,7,23,56,4,4.34,2,0.5,Drip,150,0.75,0.0
Oats,Flowering,Loam,55,77,3.3,6.5,25,18,8,15,69,2,5.22,4,0.5,Drip,150,1.15,0.0
Oats,Seedling,Clay,59,100,3.3,7.3,25,22,2,16,50,2,4.93,3,0.75,Sprinkler,200,0.35,0.0
Oats,Seedling,Loam,59,87,6.6,5.7,32,21,6,17,59,2,5.29,3,0.5,Furrow,150,0.35,0.0
Oats,Fruiting,Loam,36,57,2.2,5.9,32,21,7,20,74,3,4.64,4,0.5,Furrow,200,1.05,0.0
Oats,Vegetative,Sandy Loam,61,81,7.1,7.2,28,18,4,20,70,2,4.09,3,1.0,Sprinkler,150,0.75,0.0
Oats,Seedling,Sandy Loam,50,68,2.7,7.3,26,16,0,19,69,3,4.02,3,1.0,Furrow,150,0.35,210.99
Oats,Fruiting,Clay,66,87,6.6,6.2,29,17,3,24,71,4,3.78,3,0.75,Furrow,100,1.05,96.92
Oats,Seedling,Loam,46,63,6.5,6.9,33,21,8,20,71,3,4.34,3,0.75,Drip,50,0.35,0.0
Oats,Vegetative,Sandy Loam,66,119,7.5,5.7,28,23,5,16,66,1,4.8,3,1.0,Drip,100,0.75,0.0
Oats,Maturity,Sandy Loam,60,55,6.4,6.0,33,19,6,24,62,1,4.34,3,0.75,Sprinkler,200,0.4,0.0
Oats,Vegetative,Loam,72,114,2.5,6.7,34,19,7,18,66,3,4.09,4,0.75,Sprinkler,150,0.75,0.0
Oats,Maturity,Clay,65,69,3.0,7.2,25,16,8,24,51,1,4.19,2,0.5,Drip,50,0.4,0.0
Oats,Flowering,Loam,54,88,2.5,5.7,27,20,1,17,54,4,5.11,2,0.5,Drip,100,1.15,488.21
Oats,Seedling,Sandy Loam,78,96,2.5,7.4,27,22,4,15,72,1,4.88,3,0.5,Sprinkler,50,0.35,0.0
Oats,Fruiting,Sandy Loam,55,75,2.2,6.9,31,15,6,24,70,2,5.33,3,1.0,Drip,150,1.05,0.0
Oats,Seedling,Sandy Loam,77,108,7.7,6.4,28,21,2,16,76,2,4.79,3,1.0,Furrow,200,0.35,0.0
Oats,Fruiting,Clay,63,52,6.2,6.2,31,21,6,22,66,4,5.08,2,0.5,Sprinkler,50,1.05,0.0
Oats,Maturity,Loam,73,115,2.1,7.2,31,16,2,21,63,4,3.61,2,0.5,Sprinkler,50,0.4,0.0
Oats,Fruiting,Clay,45,105,3.6,6.3,33,21,3,19,50,2,3.51,2,0.75,Sprinkler,100,1.05,68.2
Oats,Fruiting,Loam,66,74,3.7,7.3,33,15,8,22,53,4,5.41,2,0.5,Drip,150,1.05,0.0
Oats,Fruiting,Loam,68,105,7.3,6.7,26,23,6,18,53,3,4.3,2,1.0,Sprinkler,50,1.05,0.0
Oats,Flowering,Clay,75,106,3.3,5.9,27,22,5,19,54,2,5.44,2,0.5,Furrow,200,1.15,250.79
Oats,Vegetative,Clay,71,84,6.5,6.9,32,17,2,20,62,4,5.0,2,0.5,Sprinkler,50,0.75,87.34
Oats,Vegetative,Sandy Loam,70,105,3.6,5.8,33,17,8,16,61,2,5.12,2,0.5,Furrow,150,0.75,0.0
Oats,Vegetative,Sandy Loam,67,54,2.3,6.6,29,19,0,16,57,1,4.46,2,1.0,Sprinkler,150,0.75,501.88
Oats,Vegetative,Sandy Loam,42,82,7.3,7.1,32,15,8,23,70,2,3.71,4,0.75,Furrow,50,0.75,0.0
Oats,Flowering,Clay,60,72,2.0,7.1,29,21,1,18,51,2,5.01,4,0.75,Drip,100,1.15,476.53
Oats,Flowering,Clay,70,66,2.7,6.3,32,17,5,17,79,3,4.58,3,1.0,Furrow,100,1.15,26.99
Oats,Maturity,Clay,51,117,3.0,7.0,28,15,5,15,59,2,4.19,3,1.0,Sprinkler,100,0.4,0.0
Oats,Maturity,Sandy Loam,64,101,6.5,5.5,25,20,2,24,72,2,3.82,3,0.5,Drip,150,0.4,0.0
Oats,Maturity,Clay,68,64,6.8,6.9,28,16,3,20,60,3,5.24,3,0.5,Drip,150,0.4,0.0
Oats,Maturity,Sandy Loam,49,55,6.6,6.4,25,24,5,16,78,3,3.56,2,0.75,Furrow,200,0.4,0.0
Oats,Flowering,Loam,54,66,2.5,5.8,26,18,6,17,78,4,4.09,3,1.0,Sprinkler,150,1.15,0.0
Oats,Seedling,Loam,43,66,5.6,6.0,33,20,8,20,71,1,4.04,4,0.5,Drip,200,0.35,0.0
Oats,Maturity,Loam,59,113,4.4,7.4,30,23,0,20,58,4,4.95,4,0.5,Drip,200,0.4,395.89
Oats,Seedling,Loam,61,103,5.7,6.9,34,22,1,15,51,1,3.68,2,0.75,Drip,50,0.35,14.33
Maize,Fruiting,Loam,51,115,7.9,5.9,34,16,1,24,72,4,3.71,4,0.5,Furrow,150,1.15,489.83
Maize,Seedling,Loam,38,81,3.8,7.4,32,16,3,21,60,4,4.61,3,0.75,Sprinkler,100,0.35,0.0
Maize,Flowering,Sandy Loam,70,109,6.4,5.7,30,21,8,17,75,3,5.45,2,0.5,Furrow,50,1.2,0.0
Maize,Flowering,Loam,35,67,5.9,6.2,32,23,2,24,68,3,3.94,3,1.0,Furrow,50,1.2,136.47
Maize,Fruiting,Clay,59,80,4.5,7.2,29,18,3,22,67,1,4.53,2,0.75,Drip,100,1.15,220.72
Maize,Fruiting,Loam,44,83,6.8,6.8,27,17,9,20,78,4,4.27,3,0.5,Furrow,50,1.15,0.0
Maize,Flowering,Loam,37,91,3.4,7.4,31,19,4,20,62,1,3.99,2,1.0,Sprinkler,200,1.2,158.67
Maize,Seedling,Loam,68,119,5.9,6.1,26,17,4,19,50,4,4.7,2,1.0,Furrow,150,0.35,0.0
Maize,Flowering,Loam,32,63,4.0,6.4,33,15,4,18,57,3,5.4,2,0.75,Drip,150,1.2,371.49
Maize,Maturity,Sandy Loam,66,86,6.7,6.9,32,20,3,16,63,2,3.75,2,0.75,Drip,50,0.6,0.0
Maize,Flowering,Loam,66,108,3.9,6.5,34,18,4,16,73,3,3.51,3,0.5,Sprinkler,50,1.2,10.59
Maize,Seedling,Sandy Loam,60,105,5.1,6.5,30,18,6,18,65,2,3.9,4,0.75,Drip,50,0.35,0.0
Maize,Maturity,Loam,34,96,6.2,7.2,34,24,1,16,66,2,5.24,2,1.0,Drip,100,0.6,214.27
Maize,Fruiting,Clay,30,68,7.6,7.2,29,23,9,16,67,4,3.6,2,0.5,Drip,50,1.15,0.0
Maize,Maturity,Clay,42,80,6.4,7.3,30,18,5,17,55,2,5.02,2,1.0,Furrow,50,0.6,0.0
Maize,Flowering,Clay,53,103,5.9,6.2,25,24,6,19,68,4,4.6,2,0.5,Drip,150,1.2,0.0
Maize,Fruiting,Loam,55,60,5.6,6.8,34,16,8,17,70,2,5.4,3,0.75,Drip,50,1.15,0.0
Maize,Vegetative,Clay,41,54,4.4,6.7,28,21,5,16,61,3,4.54,2,1.0,Furrow,150,0.7,0.0
Maize,Maturity,Sandy Loam,54,85,7.6,5.6,29,20,2,16,63,1,4.73,2,0.75,Furrow,50,0.6,42.04
Maize,Fruiting,Sandy Loam,37,65,2.5,6.9,26,15,3,24,74,2,3.86,4,0.75,Furrow,50,1.15,72.08
Maize,Seedling,Loam,71,105,7.8,6.5,31,20,0,22,62,2,3.72,2,1.0,Sprinkler,100,0.35,130.36
Maize,Maturity,Loam,57,58,6.8,6.8,32,24,8,24,57,4,4.21,3,1.0,Drip,200,0.6,0.0
Maize,Vegetative,Sandy Loam,65,109,6.0,7.1,27,18,9,15,72,2,3.81,2,1.0,Sprinkler,50,0.7,0.0
Maize,Maturity,Clay,51,97,3.9,6.0,31,24,8,23,79,1,5.48,4,1.0,Drip,100,0.6,0.0
Maize,Flowering,Loam,68,90,6.2,7.5,27,18,9,20,59,4,4.05,3,0.5,Drip,200,1.2,0.0
Maize,Flowering,Clay,37,119,4.1,5.6,25,16,4,19,57,2,4.69,4,0.75,Drip,100,1.2,162.27
Maize,Flowering,Loam,35,51,8.0,6.8,25,17,1,21,79,4,3.62,3,0.5,Drip,50,1.2,167.22
Maize,Seedling,Sandy Loam,45,111,4.5,7.1,25,22,3,17,65,2,3.97,4,0.75,Drip,200,0.35,0.0
Maize,Fruiting,Clay,59,70,2.6,6.0,32,21,0,19,65,4,5.06,3,0.5,Sprinkler,200,1.15,1164.73
Maize,Seedling,Sandy Loam,79,115,4.3,6.2,33,23,0,17,69,2,4.39,3,1.0,Sprinkler,150,0.35,230.71
Maize,Flowering,Sandy Loam,51,109,7.1,5.9,25,24,5,16,62,3,4.85,3,0.75,Sprinkler,100,1.2,81.83
Maize,Flowering,Sandy Loam,43,64,4.4,5.8,26,17,1,18,67,4,5.37,3,0.5,Drip,100,1.2,543.86
Maize,Seedling,Sandy Loam,43,114,5.6,7.0,28,17,2,23,55,1,4.83,3,0.5,Sprinkler,200,0.35,0.0
Maize,Seedling,Sandy Loam,33,94,5.3,7.4,28,16,5,16,77,3,3.8,4,0.5,Furrow,100,0.35,0.0
Maize,Vegetative,Clay,31,60,6.5,6.7,33,21,2,23,52,1,3.74,3,0.75,Furrow,150,0.7,92.99
Maize,Fruiting,Clay,33,53,8.0,7.1,31,18,3,18,77,2,4.35,4,0.5,Furrow,100,1.15,200.5
Maize,Maturity,Sandy Loam,36,76,4.5,7.2,29,20,4,21,51,2,4.46,3,0.75,Furrow,50,0.6,0.0
Maize,Vegetative,Sandy Loam,68,54,3.3,5.5,26,19,4,16,54,1,3.59,2,1.0,Drip,200,0.7,0.0
Maize,Flowering,Sandy Loam,50,101,3.6,5.8,28,16,3,16,57,3,4.25,2,0.75,Sprinkler,50,1.2,105.11
Maize,Vegetative,Clay,78,113,6.7,6.1,25,16,0,24,67,2,4.01,2,1.0,Furrow,100,0.7,280.43
Maize,Flowering,Loam,37,98,5.7,5.6,32,17,4,15,72,1,3.6,2,1.0,Furrow,50,1.2,15.74
Maize,Maturity,Sandy Loam,53,73,2.2,6.5,32,24,3,18,64,3,4.82,4,1.0,Sprinkler,50,0.6,0.0
Maize,Maturity,Loam,61,57,3.6,5.5,25,22,7,23,58,2,4.83,4,0.5,Sprinkler,200,0.6,0.0
Maize,Seedling,Clay,54,111,7.4,6.1,28,22,1,20,62,1,5.34,3,1.0,Sprinkler,150,0.35,130.38
Maize,Seedling,Loam,38,74,4.3,6.6,34,23,1,20,69,2,5.36,4,0.75,Drip,200,0.35,174.96
Maize,Maturity,Sandy Loam,61,88,7.1,7.3,26,19,4,22,63,4,4.62,4,1.0,Sprinkler,100,0.6,0.0
Maize,Flowering,Clay,51,78,6.4,5.7,29,18,1,17,72,4,4.18,3,1.0,Drip,50,1.2,201.09
Maize,Seedling,Sandy Loam,48,72,6.1,7.2,33,19,7,24,75,4,5.12,2,1.0,Drip,200,0.35,0.0
Maize,Flowering,Loam,63,59,6.5,7.1,26,23,8,18,53,2,5.2,3,0.75,Drip,100,1.2,0.0
Maize,Seedling,Loam,49,65,2.9,6.1,32,17,4,24,53,3,4.4,3,0.75,Furrow,100,0.35,0.0
Tomato,Maturity,Loam,50,103,6.2,5.5,30,18,8,18,66,3,5.25,2,0.75,Furrow,200,0.85,0.0
Tomato,Maturity,Loam,33,73,6.1,7.1,27,15,2,20,73,1,4.99,3,0.75,Drip,150,0.85,336.46
Tomato,Fruiting,Sandy Loam,77,94,2.9,6.2,31,15,1,18,66,3,5.1,4,1.0,Drip,200,1.1,922.6
Tomato,Maturity,Clay,46,119,5.8,7.1,30,21,8,24,65,1,3.87,2,0.75,Sprinkler,150,0.85,0.0
Tomato,Maturity,Sandy Loam,78,119,5.1,6.1,29,17,9,17,63,2,5.25,2,0.5,Drip,50,0.85,0.0
Tomato,Vegetative,Clay,65,119,5.8,5.6,31,16,2,15,73,1,3.51,2,0.75,Sprinkler,200,0.85,197.39
Tomato,Fruiting,Clay,60,73,4.8,5.5,32,24,5,21,52,3,5.31,3,0.75,Furrow,100,1.1,84.38
Tomato,Seedling,Clay,35,93,2.9,7.2,28,16,9,23,70,4,4.13,4,1.0,Sprinkler,150,0.5,0.0
Tomato,Vegetative,Sandy Loam,49,64,7.3,6.3,34,22,8,19,75,1,4.01,4,1.0,Sprinkler,50,0.85,0.0
Tomato,Seedling,Sandy Loam,54,61,4.1,5.7,26,19,3,24,74,3,4.87,2,0.5,Drip,50,0.5,0.0
Tomato,Vegetative,Loam,72,90,6.8,6.6,26,20,5,16,50,2,3.83,3,0.75,Drip,100,0.85,0.0
Tomato,Vegetative,Loam,45,100,5.9,6.6,32,22,5,24,52,4,5.09,2,1.0,Drip,200,0.85,0.0
Tomato,Vegetative,Sandy Loam,33,64,3.2,7.3,30,18,8,22,75,4,5.04,4,0.75,Drip,200,0.85,0.0
Tomato,Flowering,Clay,71,55,4.2,6.4,26,17,4,17,60,4,3.87,2,0.5,Drip,200,1.15,90.89
Tomato,Seedling,Sandy Loam,44,97,7.4,6.5,28,20,1,21,65,3,4.23,4,0.75,Furrow,200,0.5,222.62
Tomato,Seedling,Clay,37,81,5.9,5.8,28,20,5,17,58,4,4.98,4,0.5,Furrow,50,0.5,0.0
Tomato,Maturity,Clay,59,62,3.9,7.5,34,21,4,23,52,1,3.56,3,0.75,Sprinkler,100,0.85,0.0
Tomato,Maturity,Sandy Loam,57,58,6.9,6.6,27,23,1,23,70,4,4.49,4,0.75,Sprinkler,200,0.85,563.03
Tomato,Maturity,Loam,62,84,2.9,6.2,26,24,8,21,65,4,4.2,2,1.0,Sprinkler,150,0.85,0.0
Tomato,Flowering,Sandy Loam,62,65,2.6,6.1,32,21,5,23,69,4,5.48,4,1.0,Furrow,150,1.15,195.9
Tomato,Fruiting,Loam,54,96,3.8,5.9,27,23,4,19,63,4,5.38,2,1.0,Drip,150,1.1,287.14
Tomato,Fruiting,Clay,44,55,6.0,6.6,26,22,5,18,70,4,3.76,4,0.75,Furrow,100,1.1,0.0
Tomato,Flowering,Clay,54,89,6.4,7.3,31,20,8,17,63,3,5.15,4,0.5,Drip,150,1.15,0.0
Tomato,Seedling,Sandy Loam,48,96,4.7,5.9,29,18,7,15,79,1,3.52,2,0.75,Furrow,50,0.5,0.0
Tomato,Flowering,Clay,43,90,2.3,7.3,32,16,8,20,58,4,3.87,4,0.5,Sprinkler,50,1.15,0.0
Tomato,Fruiting,Sandy Loam,40,113,6.7,6.6,29,19,3,19,52,4,3.73,2,0.5,Drip,50,1.1,55.14
Tomato,Fruiting,Sandy Loam,46,114,2.2,6.9,32,20,8,17,75,4,4.39,2,1.0,Sprinkler,200,1.1,0.0
Tomato,Seedling,Clay,33,104,5.1,5.7,30,17,5,16,73,2,4.45,2,0.5,Furrow,100,0.5,0.0
Tomato,Seedling,Loam,46,110,4.8,5.6,32,17,9,15,74,1,4.45,4,0.75,Furrow,200,0.5,0.0
Tomato,Maturity,Clay,42,110,2.0,5.5,32,18,0,24,56,1,4.38,3,0.75,Furrow,100,0.85,372.05
Tomato,Seedling,Clay,53,86,3.7,7.1,29,17,6,21,58,3,4.49,4,0.75,Furrow,150,0.5,0.0
Tomato,Maturity,Sandy Loam,75,94,4.4,6.3,32,22,4,15,62,2,5.41,3,0.5,Drip,150,0.85,89.79
Tomato,Maturity,Sandy Loam,52,98,5.6,6.9,26,18,0,18,67,1,3.74,2,0.5,Sprinkler,150,0.85,477.11
Tomato,Seedling,Sandy Loam,31,112,5.9,6.8,27,24,1,17,71,1,4.73,4,0.75,Furrow,50,0.5,68.13
Tomato,Vegetative,Clay,67,52,5.2,5.8,25,23,2,15,72,1,4.3,2,0.5,Sprinkler,50,0.85,82.7
Tomato,Seedling,Sandy Loam,53,87,7.1,6.9,26,18,2,21,58,1,5.22,3,0.75,Furrow,150,0.5,91.76
Tomato,Fruiting,Sandy Loam,70,112,2.6,7.3,34,23,5,18,77,1,4.55,3,0.5,Furrow,200,1.1,1.36
Tomato,Maturity,Clay,30,96,2.9,5.6,26,17,0,15,55,4,4.71,3,0.75,Drip,150,0.85,600.72
Tomato,Fruiting,Clay,74,99,4.9,5.6,27,18,9,20,60,4,4.33,4,0.75,Sprinkler,150,1.1,0.0
Tomato,Maturity,Sandy Loam,59,91,7.4,5.7,34,19,2,21,55,4,5.49,2,0.5,Drip,50,0.85,133.31
Tomato,Flowering,Sandy Loam,46,71,5.2,5.8,25,16,5,19,76,3,4.38,3,0.75,Drip,150,1.15,5.7
Tomato,Vegetative,Clay,50,95,6.1,6.0,31,18,2,15,77,3,3.78,4,0.5,Furrow,100,0.85,121.16
Tomato,Flowering,Sandy Loam,46,73,5.7,5.9,29,22,4,15,54,4,5.31,4,1.0,Drip,100,1.15,211.1
Tomato,Flowering,Loam,74,96,7.2,5.8,31,19,0,22,69,1,5.25,3,0.5,Furrow,150,1.15,906.35
Tomato,Vegetative,Loam,65,82,5.4,6.4,33,17,1,15,68,1,5.46,3,1.0,Furrow,150,0.85,546.34
Tomato,Fruiting,Sandy Loam,74,84,3.2,5.7,28,15,0,15,50,4,3.98,4,0.75,Furrow,150,1.1,656.83
Tomato,Maturity,Clay,76,110,7.6,5.5,30,20,2,20,59,2,4.77,2,0.75,Drip,200,0.85,410.06
Tomato,Flowering,Loam,59,96,7.9,5.9,34,15,7,21,79,3,3.59,2,0.5,Drip,150,1.15,0.0
Tomato,Maturity,Clay,69,57,6.6,6.8,25,18,2,16,57,3,4.48,3,0.75,Sprinkler,150,0.85,270.6
Tomato,Flowering,Sandy Loam,37,52,5.8,6.7,26,17,5,16,57,1,4.5,3,0.75,Sprinkler,100,1.15,17.64
Potato,Vegetative,Clay,76,80,3.4,6.1,32,21,7,21,76,2,4.14,2,1.0,Drip,50,0.8,0.0
Potato,Seedling,Loam,42,70,3.3,6.3,33,20,0,21,72,4,4.4,3,0.75,Sprinkler,100,0.5,219.93
Potato,Vegetative,Loam,53,71,5.4,5.7,31,22,1,21,63,2,3.77,3,1.0,Furrow,50,0.8,100.71
Potato,Fruiting,Clay,44,106,2.0,6.5,34,16,5,20,66,3,4.67,2,0.75,Drip,200,1.1,26.64
Potato,Seedling,Clay,57,60,7.0,5.8,33,16,3,18,67,3,5.39,4,0.5,Sprinkler,200,0.5,0.0
Potato,Fruiting,Sandy Loam,66,66,6.1,6.5,25,23,7,21,59,3,3.83,2,1.0,Drip,50,1.1,0.0
Potato,Seedling,Sandy Loam,46,117,6.2,6.1,29,18,2,17,61,1,3.6,2,0.75,Furrow,200,0.5,0.0
Potato,Seedling,Sandy Loam,76,67,5.8,7.0,33,21,8,16,54,1,4.33,3,0.5,Drip,100,0.5,0.0
Potato,Flowering,Loam,51,94,2.2,6.3,32,21,3,16,52,4,5.45,2,0.75,Sprinkler,50,1.15,163.33
Potato,Fruiting,Clay,72,62,2.3,5.7,34,19,4,24,63,1,4.26,3,0.75,Drip,200,1.1,136.8
Potato,Vegetative,Sandy Loam,54,52,4.4,6.6,30,18,7,23,53,2,4.54,3,0.5,Furrow,200,0.8,0.0
Potato,Seedling,Loam,41,76,5.5,5.7,33,16,4,20,56,4,4.16,2,0.5,Furrow,100,0.5,0.0
Potato,Fruiting,Clay,41,65,5.4,6.8,31,18,2,23,60,4,5.07,2,0.5,Sprinkler,150,1.1,535.96
Potato,Fruiting,Sandy Loam,58,78,3.5,6.5,31,24,3,24,57,1,3.98,3,1.0,Furrow,200,1.1,275.23
Potato,Fruiting,Loam,70,66,3.4,5.9,34,23,9,23,59,3,4.66,4,0.5,Drip,200,1.1,0.0
Potato,Fruiting,Sandy Loam,60,77,5.9,7.1,28,20,7,20,77,1,5.28,2,0.75,Sprinkler,100,1.1,0.0
Potato,Seedling,Loam,34,101,3.4,5.6,25,16,5,16,64,4,4.5,2,0.75,Drip,100,0.5,0.0
Potato,Vegetative,Loam,39,95,4.6,5.6,30,22,0,15,65,3,5.09,4,1.0,Sprinkler,50,0.8,203.45
Potato,Fruiting,Sandy Loam,77,105,6.3,7.5,33,19,8,16,68,3,3.65,3,0.75,Sprinkler,100,1.1,0.0
Potato,Fruiting,Sandy Loam,58,108,4.1,6.9,29,16,1,21,57,1,5.21,3,1.0,Sprinkler,50,1.1,236.46
Potato,Flowering,Sandy Loam,46,108,7.8,7.0,30,23,4,24,53,1,4.25,3,1.0,Furrow,50,1.15,44.6
Potato,Vegetative,Loam,37,97,2.6,6.4,33,17,9,18,58,2,4.3,4,0.75,Furrow,50,0.8,0.0
Potato,Seedling,Clay,36,116,4.4,7.0,27,17,0,21,76,2,4.21,3,0.5,Drip,200,0.5,421.42
Potato,Maturity,Sandy Loam,47,117,7.1,7.3,34,18,3,21,59,3,3.94,2,0.5,Sprinkler,50,0.75,0.0
Potato,Seedling,Loam,63,90,7.7,6.7,32,17,4,17,61,2,5.18,2,1.0,Furrow,150,0.5,0.0
Potato,Vegetative,Clay,50,53,6.9,7.3,26,18,7,23,65,3,4.69,3,0.75,Drip,150,0.8,0.0
Potato,Fruiting,Loam,44,86,4.8,5.7,32,18,1,22,73,2,5.15,3,0.5,Drip,150,1.1,699.68
Potato,Maturity,Sandy Loam,74,118,4.4,6.6,33,23,8,20,55,1,4.95,4,1.0,Sprinkler,50,0.75,0.0
Potato,Maturity,Sandy Loam,51,96,3.1,6.1,27,18,8,19,62,3,4.72,3,0.75,Drip,50,0.75,0.0
Potato,Flowering,Sandy Loam,43,106,4.2,7.3,30,18,6,22,71,1,4.58,2,1.0,Furrow,150,1.15,0.0
Potato,Vegetative,Loam,61,108,3.6,6.5,25,24,5,23,66,4,5.4,4,0.5,Furrow,50,0.8,0.0
Potato,Maturity,Loam,78,114,6.3,5.8,25,23,7,16,57,3,4.93,4,0.75,Drip,150,0.75,0.0
Potato,Vegetative,Sandy Loam,46,83,6.8,5.9,30,20,3,18,70,3,3.74,2,1.0,Drip,150,0.8,0.0
Potato,Seedling,Clay,32,64,5.0,6.3,28,16,0,17,60,4,3.75,3,0.75,Drip,100,0.5,187.44
Potato,Vegetative,Clay,33,108,5.0,6.9,25,15,7,17,70,1,4.12,3,0.5,Sprinkler,150,0.8,0.0
Potato,Flowering,Sandy Loam,72,69,6.1,6.8,26,22,5,17,74,1,3.64,3,1.0,Furrow,100,1.15,0.0
Potato,Flowering,Sandy Loam,47,61,3.7,6.1,25,20,0,19,74,4,4.31,3,1.0,Drip,100,1.15,495.54
Potato,Vegetative,Clay,48,118,2.4,5.9,31,18,0,18,71,3,4.76,3,1.0,Furrow,200,0.8,762.33
Potato,Maturity,Clay,53,112,4.6,7.5,34,24,0,16,55,2,3.73,3,0.5,Drip,100,0.75,279.5
Potato,Vegetative,Clay,78,98,4.4,6.0,34,16,8,17,65,2,4.07,3,0.75,Sprinkler,100,0.8,0.0
Potato,Flowering,Sandy Loam,68,78,7.6,5.6,33,20,3,17,69,3,4.8,3,0.5,Sprinkler,100,1.15,251.66
Potato,Flowering,Loam,44,76,6.1,6.9,30,23,3,16,78,4,5.39,3,0.5,Sprinkler,50,1.15,160.12
Potato,Flowering,Loam,77,70,3.2,6.7,26,23,0,15,62,4,5.37,2,1.0,Drip,100,1.15,617.84
Potato,Fruiting,Clay,74,95,3.1,6.8,30,15,9,16,76,2,4.15,4,0.5,Furrow,50,1.1,0.0
Potato,Fruiting,Sandy Loam,44,53,4.6,6.9,34,17,7,15,60,1,4.84,3,0.5,Furrow,50,1.1,0.0
Potato,Maturity,Sandy Loam,76,101,2.1,6.0,33,19,1,22,60,1,4.35,3,0.75,Drip,150,0.75,339.32
Potato,Vegetative,Loam,77,59,7.3,6.3,28,22,2,24,55,1,4.01,4,0.75,Furrow,100,0.8,120.54
Potato,Vegetative,Clay,38,55,6.8,6.2,25,20,4,23,67,4,5.07,3,0.5,Sprinkler,150,0.8,8.97
Potato,Flowering,Loam,69,85,5.2,5.8,26,16,5,24,74,1,4.1,4,0.5,Furrow,100,1.15,0.0
Potato,Fruiting,Sandy Loam,30,104,6.3,5.5,33,15,5,20,70,4,4.53,2,0.75,Drip,100,1.1,0.0
Cabbage,Flowering,Clay,76,84,6.8,5.5,32,24,6,23,70,1,4.21,2,0.5,Furrow,100,1.1,0.0
Cabbage,Maturity,Loam,71,98,5.0,7.4,25,15,4,23,55,3,5.16,4,0.75,Drip,100,0.95,89.99
Cabbage,Maturity,Loam,52,116,4.5,5.5,33,19,6,18,64,4,3.74,2,1.0,Drip,100,0.95,0.0
Cabbage,Maturity,Loam,73,67,3.8,6.6,25,24,2,24,59,3,3.71,3,0.5,Sprinkler,200,0.95,305.03
Cabbage,Flowering,Loam,68,96,4.3,6.0,32,22,8,15,79,1,4.58,3,1.0,Sprinkler,50,1.1,0.0
Cabbage,Maturity,Loam,63,62,7.2,6.8,25,19,6,22,75,1,3.91,2,0.75,Drip,150,0.95,0.0
Cabbage,Vegetative,Clay,68,102,6.7,6.7,33,17,4,24,77,4,3.52,2,0.5,Drip,50,0.9,0.0
Cabbage,Seedling,Sandy Loam,73,100,3.7,6.6,27,17,1,23,62,3,4.43,2,0.75,Sprinkler,50,0.45,49.73
Cabbage,Vegetative,Sandy Loam,77,115,2.4,7.3,33,22,3,18,74,1,3.65,3,0.5,Drip,100,0.9,28.34
Cabbage,Fruiting,Clay,71,116,3.3,6.2,32,21,3,18,60,2,4.2,4,0.75,Furrow,100,1.05,140.99
Cabbage,Seedling,Clay,57,80,6.8,7.0,33,18,7,23,75,2,5.06,2,0.75,Furrow,200,0.45,0.0
Cabbage,Vegetative,Clay,64,113,6.3,6.3,33,20,9,15,65,3,4.71,2,0.75,Sprinkler,50,0.9,0.0
Cabbage,Maturity,Loam,71,91,4.5,6.9,32,22,8,22,62,3,5.22,3,0.75,Furrow,150,0.95,0.0
Cabbage,Seedling,Loam,31,99,4.3,7.1,26,15,5,23,64,3,5.38,3,0.5,Drip,100,0.45,0.0
Cabbage,Maturity,Clay,75,62,5.9,7.1,34,21,4,18,72,3,3.88,3,0.5,Drip,200,0.95,0.0
Cabbage,Seedling,Clay,51,119,4.5,7.3,29,22,1,20,74,4,3.9,4,0.5,Furrow,200,0.45,151.19
Cabbage,Maturity,Loam,47,51,6.5,7.1,30,18,9,17,62,3,3.98,4,0.5,Drip,50,0.95,0.0
Cabbage,Flowering,Sandy Loam,50,103,5.4,6.1,29,17,5,20,63,4,4.75,4,1.0,Furrow,100,1.1,22.22
Cabbage,Flowering,Sandy Loam,45,118,7.2,6.7,33,18,2,16,59,1,4.28,4,1.0,Furrow,100,1.1,270.63
Cabbage,Vegetative,Sandy Loam,57,118,5.8,6.4,29,16,3,20,66,2,4.93,2,0.75,Furrow,200,0.9,287.44
Cabbage,Flowering,Clay,47,76,6.1,6.2,31,19,4,21,58,3,4.89,2,0.75,Sprinkler,100,1.1,138.37
Cabbage,Flowering,Clay,36,53,4.5,5.9,30,20,1,15,78,2,3.84,3,0.5,Furrow,150,1.1,483.51
Cabbage,Flowering,Sandy Loam,41,89,6.8,7.4,27,22,9,16,54,1,4.05,3,0.75,Furrow,200,1.1,0.0
Cabbage,Fruiting,Sandy Loam,51,69,2.2,6.3,25,18,3,21,65,2,4.82,4,0.5,Furrow,150,1.05,308.85
Cabbage,Flowering,Clay,52,84,3.2,5.9,25,21,8,22,64,3,5.05,3,1.0,Drip,150,1.1,0.0
Cabbage,Fruiting,Clay,46,113,7.4,6.1,26,16,6,24,51,3,4.44,3,0.75,Furrow,50,1.05,0.0
Cabbage,Fruiting,Sandy Loam,66,89,2.7,5.5,31,22,7,22,77,2,4.01,2,0.5,Drip,200,1.05,0.0
Cabbage,Fruiting,Clay,55,53,2.9,6.2,32,22,6,20,51,3,4.1,3,0.75,Drip,200,1.05,0.0
Cabbage,Vegetative,Loam,53,93,3.6,6.5,25,15,6,24,74,3,3.61,3,0.5,Sprinkler,50,0.9,0.0
Cabbage,Seedling,Loam,41,89,6.0,5.9,31,21,0,23,57,4,3.53,2,0.75,Drip,200,0.45,317.85
Cabbage,Seedling,Sandy Loam,41,93,6.1,6.8,33,17,1,21,56,4,4.33,3,0.5,Drip,50,0.45,47.48
Cabbage,Seedling,Clay,35,109,4.9,6.8,28,21,7,23,62,4,4.06,4,0.75,Drip,100,0.45,0.0
Cabbage,Flowering,Sandy Loam,74,71,5.6,6.7,31,22,8,20,63,4,5.1,4,1.0,Drip,150,1.1,0.0
Cabbage,Maturity,Sandy Loam,34,111,7.9,5.6,29,24,3,21,71,4,3.5,4,0.75,Sprinkler,50,0.95,16.31
Cabbage,Fruiting,Clay,46,103,3.6,6.6,25,22,9,22,67,3,3.58,3,1.0,Sprinkler,150,1.05,0.0
Cabbage,Flowering,Clay,68,77,6.6,5.8,26,20,1,15,79,3,5.37,3,0.5,Sprinkler,100,1.1,490.74
Cabbage,Vegetative,Clay,72,70,2.3,6.8,27,18,8,18,59,4,4.5,4,0.75,Drip,50,0.9,0.0
Cabbage,Fruiting,Clay,76,50,6.8,7.0,33,15,8,23,57,4,5.34,2,1.0,Sprinkler,100,1.05,0.0
Cabbage,Flowering,Sandy Loam,68,92,5.9,5.9,34,19,4,22,72,4,4.27,3,0.75,Drip,50,1.1,35.11
Cabbage,Flowering,Loam,37,98,3.4,6.2,25,19,2,16,57,3,4.77,4,0.5,Sprinkler,150,1.1,487.74
Cabbage,Fruiting,Loam,67,86,7.3,7.0,34,15,3,24,62,4,4.86,2,0.5,Furrow,200,1.05,419.81
Cabbage,Flowering,Loam,64,105,4.7,6.0,26,22,0,22,73,4,4.41,3,1.0,Drip,150,1.1,726.93
Cabbage,Fruiting,Sandy Loam,53,63,4.7,7.3,27,24,7,20,59,1,5.0,3,1.0,Furrow,200,1.05,0.0
Cabbage,Maturity,Sandy Loam,56,64,4.8,7.2,34,16,6,16,69,4,5.32,4,1.0,Drip,100,0.95,0.0
Cabbage,Seedling,Loam,59,52,4.1,6.4,25,18,5,19,79,1,4.56,3,0.5,Furrow,100,0.45,0.0
Cabbage,Vegetative,Loam,44,95,5.8,6.7,34,19,5,15,60,4,3.94,4,1.0,Sprinkler,50,0.9,0.0
Cabbage,Fruiting,Sandy Loam,51,72,6.2,6.3,34,23,3,15,57,3,4.01,2,0.75,Drip,50,1.05,60.41
Cabbage,Maturity,Sandy Loam,74,118,2.4,6.7,25,22,2,21,75,1,4.64,4,0.5,Drip,100,0.95,240.42
Cabbage,Fruiting,Loam,59,107,4.6,6.2,31,18,8,15,72,2,3.95,4,0.5,Drip,50,1.05,0.0
Cabbage,Vegetative,Loam,71,70,6.5,5.7,27,22,0,15,71,2,3.81,3,0.5,Sprinkler,50,0.9,171.54
Sorghum,Flowering,Loam,43,110,5.5,7.0,25,19,7,17,77,2,4.86,3,0.5,Furrow,50,1.1,0.0
Sorghum,Vegetative,Loam,76,54,3.9,6.0,26,16,3,15,74,2,5.19,4,1.0,Furrow,150,0.7,94.92
Sorghum,Flowering,Sandy Loam,73,84,2.5,6.2,28,17,9,22,73,1,4.38,4,1.0,Sprinkler,50,1.1,0.0
Sorghum,Flowering,Clay,35,107,5.2,6.1,28,22,3,24,77,4,5.26,4,1.0,Sprinkler,200,1.1,556.91
Sorghum,Flowering,Sandy Loam,38,94,7.0,5.6,27,21,9,23,65,3,3.68,3,0.75,Sprinkler,50,1.1,0.0
Sorghum,Maturity,Clay,68,109,4.7,7.3,31,19,5,22,75,1,4.36,2,1.0,Sprinkler,200,0.35,0.0
Sorghum,Vegetative,Loam,44,89,5.3,6.0,34,18,5,22,76,3,4.04,4,1.0,Drip,200,0.7,0.0
Sorghum,Fruiting,Sandy Loam,33,90,3.3,7.2,32,20,2,20,50,4,4.26,4,1.0,Drip,150,1.05,371.66
Sorghum,Vegetative,Sandy Loam,38,109,3.1,6.4,26,15,8,23,72,2,4.75,4,0.5,Furrow,200,0.7,0.0
Sorghum,Seedling,Loam,74,74,6.8,6.9,34,21,8,23,63,3,4.7,3,0.75,Furrow,150,0.35,0.0
Sorghum,Flowering,Clay,50,94,3.8,6.0,26,23,9,16,71,3,3.58,2,1.0,Sprinkler,150,1.1,0.0
Sorghum,Maturity,Sandy Loam,55,65,2.1,7.1,34,18,6,20,51,2,4.05,4,1.0,Furrow,200,0.35,0.0
Sorghum,Fruiting,Clay,72,66,3.3,6.1,28,19,7,19,75,4,3.89,3,0.5,Furrow,200,1.05,0.0
Sorghum,Maturity,Loam,52,65,4.0,6.8,28,19,2,18,64,2,4.61,2,0.75,Drip,200,0.35,0.0
Sorghum,Maturity,Sandy Loam,58,69,6.4,6.2,26,20,1,19,71,4,4.67,4,1.0,Sprinkler,50,0.35,31.72
Sorghum,Flowering,Loam,58,71,4.0,6.1,33,21,2,17,55,2,5.25,4,0.5,Drip,200,1.1,755.05
Sorghum,Fruiting,Loam,47,54,2.9,7.0,29,20,9,18,78,4,3.66,3,0.5,Sprinkler,150,1.05,0.0
Sorghum,Fruiting,Sandy Loam,71,80,6.0,6.7,27,19,1,18,59,2,4.74,2,0.75,Furrow,50,1.05,198.72
Sorghum,Flowering,Clay,40,53,5.6,6.5,25,15,0,19,59,3,4.01,4,0.75,Furrow,200,1.1,881.33
Sorghum,Vegetative,Sandy Loam,40,116,3.9,6.9,25,20,1,15,65,2,4.65,3,0.75,Drip,200,0.7,451.1
Sorghum,Maturity,Loam,71,89,3.9,6.8,30,24,4,20,65,1,4.71,3,1.0,Furrow,50,0.35,0.0
Sorghum,Vegetative,Loam,54,115,4.5,5.8,34,23,9,23,51,4,3.56,3,0.5,Furrow,200,0.7,0.0
Sorghum,Fruiting,Loam,56,51,6.0,7.4,29,18,6,22,70,2,4.59,2,0.75,Sprinkler,100,1.05,0.0
Sorghum,Vegetative,Loam,35,85,7.9,7.0,28,22,8,15,62,4,4.73,3,1.0,Furrow,200,0.7,0.0
Sorghum,Maturity,Sandy Loam,45,108,7.5,6.2,27,21,5,15,62,3,4.61,4,0.75,Furrow,200,0.35,0.0
Sorghum,Seedling,Clay,76,93,5.9,5.7,28,21,7,15,70,3,4.15,4,0.75,Sprinkler,100,0.35,0.0
Sorghum,Maturity,Sandy Loam,49,84,7.4,6.6,33,20,1,19,77,3,3.98,4,0.5,Furrow,200,0.35,78.64
Sorghum,Flowering,Sandy Loam,76,103,4.7,6.6,34,17,3,17,50,3,4.15,4,0.5,Drip,100,1.1,156.93
Sorghum,Maturity,Loam,37,78,6.2,6.2,27,19,3,18,58,3,5.25,3,1.0,Sprinkler,150,0.35,0.0
Sorghum,Maturity,Sandy Loam,42,62,2.2,6.1,28,19,5,17,57,4,4.6,3,1.0,Sprinkler,150,0.35,0.0
Sorghum,Flowering,Clay,57,58,2.5,5.6,31,17,6,24,59,3,5.37,3,1.0,Furrow,200,1.1,0.0
Sorghum,Fruiting,Loam,78,91,2.9,7.5,32,18,5,22,56,3,5.32,2,0.75,Sprinkler,100,1.05,58.12
Sorghum,Fruiting,Sandy Loam,66,95,6.4,7.3,33,20,5,23,69,2,4.76,2,1.0,Sprinkler,100,1.05,0.0
Sorghum,Flowering,Loam,70,94,2.7,6.7,33,24,8,20,78,3,3.65,3,0.75,Furrow,100,1.1,0.0
Sorghum,Fruiting,Clay,32,79,7.6,7.2,32,23,2,20,59,3,4.82,3,0.75,Sprinkler,200,1.05,612.07
Sorghum,Seedling,Loam,36,71,2.8,5.9,34,24,8,21,65,1,3.72,4,0.5,Drip,200,0.35,0.0
Sorghum,Maturity,Loam,33,66,5.7,6.9,28,15,6,16,58,1,4.65,2,1.0,Sprinkler,200,0.35,0.0
Sorghum,Flowering,Sandy Loam,56,81,7.4,6.3,27,18,4,15,56,4,4.14,4,0.5,Sprinkler,100,1.1,55.21
Sorghum,Flowering,Loam,73,61,7.0,7.1,29,21,0,24,75,3,4.15,3,0.75,Sprinkler,150,1.1,684.98
Sorghum,Maturity,Loam,60,79,6.0,6.5,29,20,6,23,71,1,3.53,2,0.5,Furrow,100,0.35,0.0
Sorghum,Maturity,Sandy Loam,31,101,2.1,5.7,26,17,6,16,61,2,3.93,2,1.0,Furrow,100,0.35,0.0
Sorghum,Flowering,Sandy Loam,47,117,4.1,7.1,30,16,5,24,74,3,4.7,4,1.0,Furrow,100,1.1,16.68
Sorghum,Fruiting,Sandy Loam,78,58,2.1,7.1,29,21,4,24,70,4,5.17,4,1.0,Sprinkler,150,1.05,214.98
Sorghum,Maturity,Sandy Loam,76,52,3.1,5.9,27,20,5,17,52,4,4.04,3,1.0,Furrow,50,0.35,0.0
Sorghum,Flowering,Clay,37,65,5.4,7.3,29,23,6,21,55,2,3.87,2,0.5,Drip,100,1.1,0.0
Sorghum,Flowering,Loam,37,105,4.7,7.4,33,15,9,23,53,1,3.62,3,1.0,Drip,150,1.1,0.0
Sorghum,Seedling,Loam,42,92,5.3,5.7,33,17,7,23,57,4,3.55,2,0.75,Drip,100,0.35,0.0
Sorghum,Flowering,Loam,37,55,6.4,6.1,29,23,3,20,67,3,3.92,3,1.0,Drip,100,1.1,130.71
Sorghum,Fruiting,Sandy Loam,42,104,6.7,7.5,29,24,5,22,58,1,4.32,4,0.75,Furrow,200,1.05,0.0
Sorghum,Flowering,Loam,41,104,3.6,7.0,25,17,3,15,54,2,5.28,4,1.0,Sprinkler,50,1.1,140.42
Wheat,Fruiting,Loam,51,65,5.8,7.0,32,21,6,20,70,2,5.31,2,0.5,Drip,100,1.05,0.0
Wheat,Flowering,Sandy Loam,72,72,5.5,7.4,26,21,0,19,74,3,4.61,2,0.75,Furrow,150,1.15,794.7
Wheat,Flowering,Loam,36,99,2.3,6.9,33,19,8,19,75,4,4.72,2,0.5,Furrow,200,1.15,0.0
Wheat,Maturity,Loam,57,66,6.2,5.9,34,16,8,20,60,1,3.99,3,0.5,Furrow,100,0.4,0.0
Wheat,Vegetative,Sandy Loam,64,73,2.2,6.9,28,22,2,15,53,1,3.55,3,1.0,Sprinkler,50,0.75,32.94
Wheat,Vegetative,Clay,48,72,4.6,7.0,27,23,0,24,68,1,4.04,4,0.75,Sprinkler,50,0.75,151.41
Wheat,Maturity,Clay,35,70,4.6,6.7,31,24,9,23,69,2,4.07,2,0.5,Furrow,150,0.4,0.0
Wheat,Fruiting,Sandy Loam,69,58,3.9,6.1,25,17,8,18,54,3,4.83,4,0.75,Furrow,100,1.05,0.0
Wheat,Maturity,Clay,33,91,6.4,5.9,33,22,2,23,79,1,3.5,2,0.5,Sprinkler,50,0.4,0.0
Wheat,Fruiting,Clay,41,86,3.4,7.0,28,21,1,20,73,4,3.92,4,0.5,Furrow,50,1.05,155.77
Wheat,Vegetative,Sandy Loam,34,80,7.8,6.3,25,16,8,24,56,4,3.91,3,1.0,Sprinkler,150,0.75,0.0
Wheat,Vegetative,Sandy Loam,49,113,5.8,6.3,27,22,8,18,64,1,4.15,4,1.0,Sprinkler,50,0.75,0.0
Wheat,Flowering,Loam,65,56,2.2,7.1,30,22,2,22,67,4,4.7,4,0.75,Drip,150,1.15,510.74
Wheat,Maturity,Clay,36,76,6.7,6.0,30,22,1,21,55,1,4.16,4,0.5,Sprinkler,200,0.4,132.51
Wheat,Flowering,Loam,63,77,6.8,7.2,27,24,4,20,73,3,5.0,4,0.75,Furrow,150,1.15,263.13
Wheat,Seedling,Clay,30,78,6.5,6.9,28,17,2,20,62,4,5.22,2,1.0,Sprinkler,150,0.35,0.0
Wheat,Fruiting,Sandy Loam,70,91,5.3,5.9,28,19,8,15,52,4,5.16,4,1.0,Sprinkler,150,1.05,0.0
Wheat,Fruiting,Loam,77,110,4.2,7.3,32,18,6,16,67,2,5.27,4,1.0,Sprinkler,150,1.05,0.0
Wheat,Vegetative,Sandy Loam,37,52,5.8,7.2,26,22,7,18,66,1,5.45,3,1.0,Sprinkler,50,0.75,0.0
Wheat,Maturity,Loam,47,80,2.7,6.3,32,20,1,15,54,2,5.24,3,0.5,Drip,50,0.4,54.77
Wheat,Maturity,Loam,64,65,7.1,6.8,25,24,6,16,53,1,4.82,3,0.75,Drip,150,0.4,0.0
Wheat,Seedling,Clay,34,69,2.0,6.3,29,22,8,19,59,1,3.71,4,0.75,Sprinkler,100,0.35,0.0
Wheat,Vegetative,Sandy Loam,58,87,6.4,7.3,31,15,0,15,73,4,4.52,3,1.0,Furrow,150,0.75,509.04
Wheat,Seedling,Loam,70,104,2.2,7.5,26,21,1,24,73,4,4.75,3,0.75,Drip,50,0.35,33.11
Wheat,Maturity,Sandy Loam,68,110,5.1,7.2,31,20,2,24,51,2,3.58,4,0.75,Sprinkler,150,0.4,0.0
Wheat,Vegetative,Clay,33,98,7.1,5.7,29,24,8,24,68,4,5.14,4,0.75,Drip,100,0.75,0.0
Wheat,Seedling,Clay,53,96,3.1,6.4,33,21,2,20,60,4,5.12,4,0.5,Sprinkler,100,0.35,0.0
Wheat,Seedling,Sandy Loam,59,67,3.8,6.1,31,23,7,20,52,4,4.07,2,0.75,Furrow,100,0.35,0.0
Wheat,Maturity,Clay,50,119,2.5,7.4,29,19,5,22,75,4,3.73,3,1.0,Drip,50,0.4,0.0
Wheat,Flowering,Sandy Loam,36,93,5.6,6.5,26,18,6,17,51,2,3.89,2,0.5,Sprinkler,100,1.15,0.0
Wheat,Seedling,Clay,76,107,2.5,6.3,25,21,6,24,62,3,4.02,4,0.75,Drip,150,0.35,0.0
Wheat,Fruiting,Clay,56,106,6.2,6.5,34,15,6,20,72,4,5.05,3,1.0,Furrow,150,1.05,0.0
Wheat,Maturity,Loam,62,90,5.2,7.0,34,16,6,23,50,1,4.13,3,1.0,Sprinkler,150,0.4,0.0
Wheat,Vegetative,Loam,59,70,4.3,5.8,34,17,9,17,61,4,4.67,4,0.75,Furrow,200,0.75,0.0
Wheat,Seedling,Loam,79,107,3.1,5.7,31,23,6,20,75,1,5.21,2,0.5,Furrow,50,0.35,0.0
Wheat,Seedling,Clay,53,89,3.2,6.6,32,19,8,16,74,4,3.75,2,0.5,Drip,50,0.35,0.0
Wheat,Vegetative,Loam,69,107,6.4,6.6,31,22,9,15,67,2,3.83,2,0.5,Sprinkler,50,0.75,0.0
Wheat,Seedling,Loam,78,78,4.0,7.4,28,22,7,23,62,3,4.5,2,1.0,Furrow,100,0.35,0.0
Wheat,Fruiting,Loam,54,75,4.1,7.4,26,19,2,16,50,2,4.61,2,0.5,Furrow,150,1.05,425.62
Wheat,Flowering,Clay,55,101,6.7,6.7,28,22,5,15,66,1,4.3,3,0.5,Furrow,200,1.15,0.0
Wheat,Fruiting,Sandy Loam,70,92,2.7,6.7,25,24,8,18,52,4,4.56,3,1.0,Sprinkler,100,1.05,0.0
Wheat,Fruiting,Loam,78,61,7.8,6.6,32,16,9,19,77,4,3.5,3,0.75,Drip,150,1.05,0.0
Wheat,Maturity,Sandy Loam,46,97,5.3,5.8,27,21,7,16,53,2,4.65,3,0.5,Sprinkler,100,0.4,0.0
Wheat,Maturity,Loam,47,61,7.1,6.7,29,17,7,21,65,3,4.18,4,0.5,Furrow,50,0.4,0.0
Wheat,Flowering,Clay,40,64,4.6,5.8,31,19,4,23,64,3,3.89,2,0.75,Drip,200,1.15,95.38
Wheat,Maturity,Clay,40,87,7.1,6.8,27,21,6,24,61,2,4.56,3,0.75,Drip,100,0.4,0.0
Wheat,Vegetative,Clay,46,116,3.8,6.6,31,18,9,16,59,1,4.73,3,0.5,Furrow,100,0.75,0.0
Wheat,Fruiting,Clay,39,55,3.2,6.8,33,23,1,22,75,3,3.77,3,0.5,Drip,100,1.05,296.14
Wheat,Fruiting,Clay,43,103,6.5,7.1,26,21,3,22,72,3,4.08,3,0.75,Sprinkler,100,1.05,127.95
Wheat,Maturity,Loam,73,111,2.1,6.6,26,20,7,17,59,4,5.44,3,0.5,Drip,100,0.4,0.0
Beans,Seedling,Sandy Loam,47,105,6.5,6.4,34,24,8,18,59,4,5.46,2,1.0,Furrow,100,0.4,0.0
Beans,Seedling,Loam,52,80,2.3,6.4,29,16,1,15,54,2,4.73,4,0.75,Drip,100,0.4,89.34
Beans,Vegetative,Loam,53,79,4.2,5.7,28,15,1,24,75,4,4.53,2,0.5,Sprinkler,150,0.8,393.99
Beans,Vegetative,Clay,59,68,3.2,6.0,25,22,1,19,74,4,3.84,2,0.75,Sprinkler,100,0.8,207.51
Beans,Maturity,Sandy Loam,58,52,7.1,6.6,34,16,1,19,71,4,3.66,2,1.0,Sprinkler,100,0.9,229.35
Beans,Fruiting,Sandy Loam,69,109,6.8,5.8,29,24,3,23,70,2,4.12,3,1.0,Furrow,200,1.0,223.88
Beans,Fruiting,Sandy Loam,44,119,4.8,6.0,34,19,6,19,65,1,3.8,4,1.0,Drip,150,1.0,0.0
Beans,Flowering,Loam,33,80,2.1,5.6,34,19,0,23,61,1,5.33,3,1.0,Drip,100,1.1,585.91
Beans,Vegetative,Clay,68,107,4.2,7.4,28,19,0,21,73,1,5.03,4,0.75,Furrow,50,0.8,201.23
Beans,Maturity,Clay,48,103,3.7,6.1,28,16,7,18,74,3,4.25,2,1.0,Drip,50,0.9,0.0
Beans,Maturity,Loam,72,84,5.3,6.8,26,23,3,23,62,2,4.98,3,0.5,Sprinkler,100,0.9,148.63
Beans,Seedling,Sandy Loam,61,66,4.4,5.6,27,24,5,21,75,1,4.18,4,0.75,Drip,150,0.4,0.0
Beans,Seedling,Sandy Loam,52,51,7.6,5.8,32,17,1,21,73,1,4.93,2,1.0,Drip,150,0.4,146.07
Beans,Flowering,Loam,73,79,7.8,6.9,30,16,8,16,72,4,3.64,4,0.5,Furrow,200,1.1,0.0
Beans,Vegetative,Sandy Loam,49,72,7.8,6.5,25,16,4,17,79,1,3.89,3,1.0,Drip,200,0.8,0.0
Beans,Seedling,Clay,33,83,6.9,5.5,34,23,6,19,75,2,4.01,4,1.0,Drip,200,0.4,0.0
Beans,Seedling,Clay,68,79,2.2,5.5,29,24,8,18,78,4,4.36,4,1.0,Sprinkler,50,0.4,0.0
Beans,Maturity,Loam,62,111,4.6,6.6,34,24,5,23,50,3,4.17,2,1.0,Sprinkler,150,0.9,0.0
Beans,Fruiting,Loam,54,77,3.6,6.4,30,23,2,15,50,1,3.61,2,1.0,Drip,200,1.0,321.99
Beans,Flowering,Clay,74,104,2.4,5.7,26,19,7,21,65,3,4.29,2,0.5,Drip,150,1.1,0.0
Beans,Seedling,Clay,31,68,7.7,5.7,34,24,3,23,66,3,4.02,4,0.75,Furrow,50,0.4,0.0
Beans,Maturity,Sandy Loam,47,88,4.4,5.8,30,23,4,18,73,1,3.95,4,0.75,Drip,100,0.9,0.0
Beans,Vegetative,Clay,48,61,2.8,7.2,27,21,0,15,64,4,4.36,4,0.5,Furrow,100,0.8,349.09
Beans,Flowering,Sandy Loam,74,69,3.4,5.9,25,24,6,20,67,4,5.43,4,0.75,Furrow,150,1.1,0.0
Beans,Seedling,Clay,47,93,4.7,7.4,26,21,3,16,77,2,4.02,2,1.0,Drip,100,0.4,0.0
Beans,Flowering,Sandy Loam,47,54,5.1,6.9,31,18,8,16,60,2,4.88,4,0.5,Sprinkler,150,1.1,0.0
Beans,Fruiting,Sandy Loam,53,50,6.5,5.6,34,19,1,24,55,4,5.45,3,0.75,Sprinkler,150,1.0,667.47
Beans,Fruiting,Loam,46,117,4.4,5.5,27,21,6,21,51,2,4.48,2,0.75,Furrow,100,1.0,0.0
Beans,Vegetative,Sandy Loam,43,119,7.1,6.4,27,17,5,20,59,3,3.65,2,0.5,Furrow,50,0.8,0.0
Beans,Vegetative,Loam,68,66,3.6,7.0,34,23,2,19,73,2,5.45,4,1.0,Furrow,200,0.8,472.47
Beans,Seedling,Clay,69,97,3.9,6.0,33,22,3,20,66,4,4.13,4,0.5,Drip,100,0.4,0.0
Beans,Seedling,Clay,31,101,3.1,7.2,30,21,2,17,77,2,5.47,2,1.0,Furrow,50,0.4,9.36
Beans,Seedling,Clay,74,61,5.2,6.4,33,22,5,17,52,4,4.17,4,0.75,Furrow,50,0.4,0.0
Beans,Vegetative,Loam,63,116,2.3,6.0,31,16,5,23,69,1,3.61,2,1.0,Furrow,50,0.8,0.0
Beans,Maturity,Sandy Loam,35,72,2.6,7.1,26,20,3,23,64,4,3.58,2,0.5,Drip,100,0.9,21.98
Beans,Vegetative,Sandy Loam,34,67,5.8,5.7,27,24,9,16,72,1,3.71,3,1.0,Sprinkler,200,0.8,0.0
Beans,Vegetative,Loam,42,90,3.6,7.3,29,21,3,22,78,3,4.13,2,1.0,Sprinkler,200,0.8,61.04
Beans,Vegetative,Sandy Loam,67,118,7.7,6.7,34,17,8,20,78,2,4.18,3,1.0,Drip,200,0.8,0.0
Beans,Flowering,Clay,67,107,2.4,5.9,31,20,1,18,60,3,4.79,2,1.0,Furrow,150,1.1,640.78
Beans,Fruiting,Sandy Loam,30,74,6.5,6.7,27,16,1,24,54,1,4.35,3,0.5,Furrow,100,1.0,335.38
Beans,Vegetative,Loam,50,98,4.0,7.3,27,24,4,24,78,1,4.82,3,1.0,Sprinkler,200,0.8,0.0
Beans,Maturity,Loam,44,65,2.2,6.7,28,22,6,19,51,2,4.97,3,0.75,Sprinkler,150,0.9,0.0
Beans,Seedling,Sandy Loam,37,57,4.7,6.8,30,19,7,17,71,3,3.55,3,0.75,Furrow,100,0.4,0.0
Beans,Seedling,Clay,77,58,2.5,7.0,30,18,3,20,54,2,5.4,2,0.5,Sprinkler,200,0.4,0.0
Beans,Maturity,Clay,38,78,6.4,6.8,32,21,4,24,56,2,4.2,4,0.75,Sprinkler,100,0.9,0.0
Beans,Seedling,Clay,56,50,2.5,6.5,33,20,2,20,78,2,4.74,3,0.75,Sprinkler,100,0.4,0.0
Beans,Vegetative,Loam,66,69,7.1,6.1,25,15,0,15,70,4,5.41,2,1.0,Furrow,100,0.8,432.63
Beans,Flowering,Loam,73,94,7.5,5.9,34,17,7,18,65,4,3.79,2,1.0,Sprinkler,150,1.1,0.0
Beans,Seedling,Loam,40,114,6.5,6.1,29,17,9,16,51,3,5.31,3,1.0,Furrow,150,0.4,0.0
Beans,Flowering,Sandy Loam,78,75,3.2,7.4,26,23,6,18,69,2,4.87,2,0.5,Furrow,200,1.1,0.0
Green Beans,Fruiting,Clay,54,107,5.1,5.7,27,20,7,18,54,1,4.59,2,0.75,Sprinkler,200,1.0,0.0
Green Beans,Seedling,Loam,51,115,6.1,6.9,31,21,5,24,70,1,5.28,4,1.0,Drip,150,0.4,0.0
Green Beans,Seedling,Clay,31,97,6.0,7.5,27,24,6,24,64,3,5.1,4,0.5,Furrow,150,0.4,0.0
Green Beans,Maturity,Loam,45,53,5.8,6.4,31,17,4,15,75,2,4.4,4,0.5,Drip,50,0.9,0.0
Green Beans,Vegetative,Clay,78,82,4.8,7.3,33,16,8,20,73,2,3.56,2,0.75,Sprinkler,50,0.8,0.0
Green Beans,Seedling,Sandy Loam,45,63,7.9,7.2,34,20,9,16,75,3,3.85,2,0.5,Sprinkler,50,0.4,0.0
Green Beans,Fruiting,Sandy Loam,43,101,7.5,6.5,29,20,4,23,59,4,4.97,4,0.75,Sprinkler,200,1.0,193.74
Green Beans,Maturity,Sandy Loam,55,106,3.6,5.7,26,17,3,23,68,1,5.31,4,1.0,Furrow,50,0.9,89.05
Green Beans,Vegetative,Clay,70,93,2.7,6.7,26,16,4,24,59,4,4.72,4,1.0,Drip,100,0.8,0.0
Green Beans,Maturity,Loam,36,119,5.5,6.1,27,24,8,22,70,2,5.09,3,0.5,Sprinkler,200,0.9,0.0
Green Beans,Seedling,Loam,40,67,2.9,5.7,30,19,1,22,51,1,5.42,4,0.5,Furrow,50,0.4,58.36
Green Beans,Flowering,Sandy Loam,37,76,2.1,6.7,27,16,9,21,77,1,3.79,2,1.0,Drip,150,1.1,0.0
Green Beans,Vegetative,Clay,71,118,5.5,6.7,25,21,0,16,67,1,4.75,2,1.0,Drip,100,0.8,380.29
Green Beans,Seedling,Clay,67,51,7.5,7.1,30,24,7,16,76,1,4.48,3,0.5,Furrow,100,0.4,0.0
Green Beans,Maturity,Loam,35,71,4.8,6.5,27,20,2,21,65,3,3.8,2,0.5,Drip,50,0.9,70.95
Green Beans,Vegetative,Clay,38,101,4.4,7.4,27,24,1,17,55,3,3.67,4,0.75,Furrow,200,0.8,386.95
Green Beans,Seedling,Sandy Loam,32,54,7.8,6.1,28,19,0,16,61,1,4.52,2,0.5,Furrow,100,0.4,180.73
Green Beans,Fruiting,Sandy Loam,75,78,3.4,6.1,34,23,9,15,68,2,4.04,3,0.75,Furrow,150,1.0,0.0
Green Beans,Vegetative,Clay,32,74,2.2,5.7,30,24,1,23,55,3,3.77,2,0.5,Furrow,100,0.8,201.44
Green Beans,Flowering,Loam,73,77,7.4,7.3,32,24,3,17,61,3,5.08,3,0.75,Furrow,100,1.1,259.09
Green Beans,Maturity,Clay,50,60,3.1,6.6,26,22,0,21,79,2,3.53,4,1.0,Furrow,50,0.9,159.03
Green Beans,Vegetative,Clay,56,51,6.0,7.1,29,18,4,18,78,2,4.83,2,0.75,Drip,200,0.8,0.0
Green Beans,Vegetative,Loam,70,116,5.9,5.8,27,23,8,17,52,4,5.03,3,0.75,Furrow,50,0.8,0.0
Green Beans,Seedling,Sandy Loam,32,102,7.6,5.9,32,20,0,22,73,2,4.84,3,0.5,Drip,100,0.4,193.54
Green Beans,Seedling,Loam,61,96,4.7,5.7,31,16,1,18,66,3,4.05,2,0.75,Sprinkler,50,0.4,30.97
Green Beans,Vegetative,Sandy Loam,33,118,2.8,6.4,34,16,6,19,63,3,4.51,2,0.5,Drip,150,0.8,0.0
Green Beans,Seedling,Sandy Loam,46,107,5.2,6.3,27,19,6,22,62,2,4.48,3,0.5,Furrow,200,0.4,0.0
Green Beans,Vegetative,Clay,62,81,5.0,6.6,30,17,7,19,51,4,4.61,3,0.75,Drip,150,0.8,0.0
Green Beans,Flowering,Loam,59,56,3.9,6.6,32,17,0,19,67,3,4.25,2,0.5,Sprinkler,200,1.1,936.03
Green Beans,Flowering,Clay,31,58,6.3,5.5,27,18,5,21,50,3,4.63,3,0.5,Sprinkler,150,1.1,13.53
Green Beans,Maturity,Loam,43,103,3.1,7.1,32,24,0,22,53,4,3.75,2,1.0,Sprinkler,150,0.9,505.86
Green Beans,Seedling,Sandy Loam,61,67,7.5,6.5,27,22,3,20,59,2,3.6,2,1.0,Furrow,150,0.4,0.0
Green Beans,Flowering,Sandy Loam,78,68,2.9,6.1,29,19,1,24,61,2,4.74,3,0.75,Sprinkler,150,1.1,632.28
Green Beans,Flowering,Loam,40,77,4.2,5.7,29,16,6,16,63,2,4.31,2,1.0,Furrow,150,1.1,0.0
Green Beans,Fruiting,Sandy Loam,68,105,3.1,5.6,29,24,2,20,70,4,5.35,3,1.0,Drip,50,1.0,167.32
Green Beans,Fruiting,Loam,37,58,3.2,6.6,29,24,1,15,57,3,4.06,2,1.0,Furrow,100,1.0,305.87
Green Beans,Flowering,Clay,31,51,6.3,6.5,31,15,5,17,73,2,4.01,2,0.75,Sprinkler,200,1.1,0.0
Green Beans,Flowering,Loam,53,114,7.5,5.7,32,21,6,19,51,3,4.8,4,0.5,Sprinkler,200,1.1,0.0
Green Beans,Flowering,Loam,43,73,6.1,7.3,29,22,3,18,54,1,5.11,3,1.0,Furrow,150,1.1,392.55
Green Beans,Vegetative,Clay,66,56,6.2,5.9,31,19,1,20,53,2,5.06,2,1.0,Sprinkler,200,0.8,609.82
Green Beans,Maturity,Sandy Loam,73,69,3.0,6.2,32,17,6,21,72,1,3.93,3,0.75,Furrow,100,0.9,0.0
Green Beans,Seedling,Sandy Loam,47,90,3.0,7.1,28,23,2,21,72,3,4.17,3,1.0,Furrow,150,0.4,0.0
Green Beans,Fruiting,Clay,76,82,7.3,6.4,30,17,4,23,67,3,5.31,3,0.75,Furrow,150,1.0,195.91
Green Beans,Fruiting,Clay,59,51,7.6,5.6,25,24,1,21,57,1,4.74,2,1.0,Sprinkler,200,1.0,748.77
Green Beans,Maturity,Sandy Loam,61,76,2.4,6.3,32,19,0,22,74,2,4.4,4,1.0,Sprinkler,150,0.9,594.6
Green Beans,Maturity,Loam,49,74,3.8,6.8,32,16,5,22,56,3,4.76,3,0.75,Sprinkler,50,0.9,0.0
Green Beans,Flowering,Loam,61,66,7.3,6.5,30,23,0,15,78,1,4.65,2,0.5,Sprinkler,100,1.1,511.98
Green Beans,Flowering,Clay,42,114,2.5,6.4,32,24,8,15,58,3,4.87,3,0.5,Drip,50,1.1,0.0
Green Beans,Seedling,Sandy Loam,65,88,4.5,5.7,32,22,0,22,71,4,5.3,4,0.5,Furrow,100,0.4,212.02
Green Beans,Flowering,Sandy Loam,33,101,2.4,6.0,32,15,9,21,61,3,3.58,4,1.0,Sprinkler,100,1.1,0.0
Sweet Potato,Vegetative,Clay,70,104,3.3,7.2,25,16,1,22,64,1,5.16,2,0.5,Furrow,200,0.75,574.06
Sweet Potato,Flowering,Clay,42,80,7.7,5.6,30,19,8,17,52,3,4.42,3,1.0,Sprinkler,50,1.15,0.0
Sweet Potato,Maturity,Sandy Loam,79,57,4.5,7.0,25,24,7,21,77,2,4.38,4,0.75,Drip,100,0.7,0.0
Sweet Potato,Fruiting,Clay,45,68,5.1,5.5,30,19,8,18,75,3,4.2,4,0.5,Furrow,50,1.05,0.0
Sweet Potato,Vegetative,Clay,68,67,6.8,6.0,28,17,1,20,73,2,3.71,2,0.75,Drip,200,0.75,355.87
Sweet Potato,Vegetative,Loam,60,59,7.3,6.5,30,18,4,21,58,2,3.75,3,0.75,Sprinkler,200,0.75,0.0
Sweet Potato,Flowering,Sandy Loam,43,88,2.9,7.5,30,22,0,20,61,2,3.6,3,0.5,Sprinkler,100,1.15,413.91
Sweet Potato,Seedling,Clay,32,87,6.1,7.5,25,24,2,18,67,1,4.58,4,0.75,Furrow,50,0.5,14.41
Sweet Potato,Fruiting,Sandy Loam,52,81,6.9,6.8,33,16,3,19,66,4,4.58,2,1.0,Furrow,100,1.05,180.92
Sweet Potato,Maturity,Sandy Loam,48,96,3.2,6.5,26,18,6,15,66,4,3.63,4,0.75,Furrow,50,0.7,0.0
Sweet Potato,Seedling,Clay,66,73,4.5,5.8,34,15,6,15,56,2,5.18,2,1.0,Furrow,200,0.5,0.0
Sweet Potato,Fruiting,Clay,42,72,4.1,7.3,32,15,1,21,60,3,5.21,3,0.5,Furrow,100,1.05,446.98
Sweet Potato,Seedling,Sandy Loam,63,117,3.3,7.1,31,19,0,19,61,4,5.17,3,0.5,Drip,100,0.5,258.52
Sweet Potato,Seedling,Loam,40,119,2.1,5.7,31,17,5,21,51,3,4.75,3,0.5,Drip,50,0.5,0.0
Sweet Potato,Maturity,Loam,36,74,6.2,6.8,30,16,9,15,50,1,4.47,2,1.0,Sprinkler,50,0.7,0.0
Sweet Potato,Flowering,Clay,75,85,7.7,6.0,30,23,1,21,71,1,3.88,3,0.5,Drip,100,1.15,346.18
Sweet Potato,Maturity,Sandy Loam,54,75,5.4,5.5,32,18,0,19,63,4,5.15,2,1.0,Drip,150,0.7,540.88
Sweet Potato,Seedling,Loam,44,71,4.5,6.4,25,19,9,23,63,4,4.89,4,1.0,Drip,100,0.5,0.0
Sweet Potato,Flowering,Sandy Loam,43,61,3.5,7.3,25,22,0,19,74,3,4.23,4,0.5,Drip,100,1.15,486.69
Sweet Potato,Vegetative,Loam,72,119,7.4,7.1,31,21,9,23,62,1,3.57,3,0.75,Sprinkler,50,0.75,0.0
Sweet Potato,Seedling,Clay,44,100,3.8,6.5,30,20,2,24,50,4,5.45,3,0.75,Furrow,200,0.5,144.54
Sweet Potato,Vegetative,Loam,68,60,6.9,6.6,26,23,9,22,73,1,5.31,4,0.5,Drip,100,0.75,0.0
Sweet Potato,Fruiting,Loam,67,64,6.8,6.5,27,22,3,24,55,3,5.28,3,1.0,Furrow,100,1.05,254.87
Sweet Potato,Vegetative,Clay,53,51,3.4,6.3,34,21,5,24,54,3,4.62,2,1.0,Sprinkler,50,0.75,0.0
Sweet Potato,Fruiting,Clay,52,70,6.5,6.2,30,18,1,15,79,2,4.19,3,0.5,Furrow,200,1.05,680.16
Sweet Potato,Fruiting,Sandy Loam,42,73,5.1,7.2,26,20,0,15,60,3,3.54,2,0.5,Drip,100,1.05,371.21
Sweet Potato,Vegetative,Clay,72,52,2.4,7.1,34,24,9,17,50,4,4.72,3,0.75,Drip,100,0.75,0.0
Sweet Potato,Fruiting,Sandy Loam,38,71,4.8,7.1,33,18,4,17,53,4,5.31,2,0.5,Sprinkler,100,1.05,157.19
Sweet Potato,Fruiting,Loam,72,88,4.5,5.7,31,19,0,17,54,3,5.16,2,0.5,Drip,200,1.05,1082.58
Sweet Potato,Vegetative,Loam,37,110,5.3,7.2,28,16,8,24,73,4,3.82,2,0.5,Drip,100,0.75,0.0
Sweet Potato,Maturity,Sandy Loam,53,115,2.9,7.0,33,17,8,21,78,2,5.49,2,0.5,Furrow,150,0.7,0.0
Sweet Potato,Flowering,Clay,34,71,5.1,6.7,32,21,8,23,55,3,5.33,2,0.5,Drip,50,1.15,0.0
Sweet Potato,Flowering,Loam,66,80,7.8,6.6,34,18,3,19,64,4,4.16,2,0.75,Sprinkler,200,1.15,356.0
Sweet Potato,Flowering,Loam,71,78,3.9,6.7,31,16,0,21,70,1,4.7,2,0.75,Furrow,50,1.15,270.12
Sweet Potato,Vegetative,Loam,77,82,5.3,7.2,30,18,0,15,54,4,4.02,4,1.0,Drip,150,0.75,452.2
Sweet Potato,Seedling,Clay,63,62,5.5,6.8,27,15,8,24,57,1,4.63,3,0.5,Sprinkler,100,0.5,0.0
Sweet Potato,Seedling,Sandy Loam,49,97,4.9,5.8,28,18,5,24,74,3,4.92,4,0.75,Sprinkler,150,0.5,0.0
Sweet Potato,Vegetative,Loam,51,119,3.4,5.6,34,15,4,22,65,2,3.68,2,0.75,Sprinkler,50,0.75,0.0
Sweet Potato,Vegetative,Sandy Loam,76,87,5.7,5.8,28,18,4,16,74,2,3.74,3,0.75,Drip,100,0.75,0.0
Sweet Potato,Flowering,Sandy Loam,71,117,5.0,6.3,28,24,6,15,68,1,4.7,3,1.0,Drip,150,1.15,0.0
Sweet Potato,Seedling,Sandy Loam,36,75,3.4,7.2,34,24,8,18,72,3,4.29,3,0.75,Drip,200,0.5,0.0
Sweet Potato,Maturity,Sandy Loam,70,80,5.7,6.2,32,23,1,20,71,4,4.91,2,0.5,Drip,50,0.7,121.79
Sweet Potato,Vegetative,Sandy Loam,33,59,2.0,7.4,25,17,1,23,52,1,5.36,4,0.75,Sprinkler,50,0.75,151.0
Sweet Potato,Vegetative,Loam,47,79,4.9,6.9,32,22,2,17,61,3,4.21,2,0.75,Furrow,50,0.75,57.97
Sweet Potato,Maturity,Clay,61,60,7.6,6.8,28,22,3,22,55,3,5.12,4,0.5,Furrow,50,0.7,29.35
Sweet Potato,Maturity,Clay,33,97,5.8,6.1,31,24,2,22,68,1,4.45,3,0.5,Sprinkler,100,0.7,111.52
Sweet Potato,Maturity,Loam,38,63,6.0,5.6,25,15,7,16,66,4,5.32,4,0.5,Sprinkler,200,0.7,0.0
Sweet Potato,Flowering,Clay,78,112,4.3,6.5,30,15,1,21,63,2,4.22,3,1.0,Furrow,150,1.15,578.7
Sweet Potato,Fruiting,Loam,75,113,2.4,6.3,30,23,3,20,73,1,4.84,3,0.5,Drip,100,1.05,208.68
Sweet Potato,Seedling,Loam,52,54,4.6,6.4,30,18,0,20,52,2,3.82,3,1.0,Drip,100,0.5,190.96
